administration,State,starting_median,ending_median,difference,pct_change,vote,avg_median_income,2001,2024,median_income,Year,US_start,US_end,US_dif,dif_from_us
Biden,Alabama,65360,65560,200,0.0030599755201958386,Republican,64255,58790,65560,65360,2021-01-01,NA,NA,NA,NA
Biden,Alabama,65360,65560,200,0.0030599755201958386,Republican,64255,58790,65560,63870,2022-01-01,NA,NA,NA,NA
Biden,Alabama,65360,65560,200,0.0030599755201958386,Republican,64255,58790,65560,62230,2023-01-01,NA,NA,NA,NA
Biden,Alabama,65360,65560,200,0.0030599755201958386,Republican,64255,58790,65560,65560,2024-01-01,NA,NA,NA,NA
Biden,Alaska,93150,91260,-1890,-0.020289855072463767,Republican,95195,95920,91260,93150,2021-01-01,NA,NA,NA,NA
Biden,Alaska,93150,91260,-1890,-0.020289855072463767,Republican,95195,95920,91260,95670,2022-01-01,NA,NA,NA,NA
Biden,Alaska,93150,91260,-1890,-0.020289855072463767,Republican,95195,95920,91260,100700,2023-01-01,NA,NA,NA,NA
Biden,Alaska,93150,91260,-1890,-0.020289855072463767,Republican,95195,95920,91260,91260,2024-01-01,NA,NA,NA,NA
Biden,Arkansas,58310,64840,6530,0.11198765220373864,Republican,61392.5,55750,64840,58310,2021-01-01,NA,NA,NA,NA
Biden,Arkansas,58310,64840,6530,0.11198765220373864,Republican,61392.5,55750,64840,57540,2022-01-01,NA,NA,NA,NA
Biden,Arkansas,58310,64840,6530,0.11198765220373864,Republican,61392.5,55750,64840,64880,2023-01-01,NA,NA,NA,NA
Biden,Arkansas,58310,64840,6530,0.11198765220373864,Republican,61392.5,55750,64840,64840,2024-01-01,NA,NA,NA,NA
Biden,California,93660,100600,6940,0.07409780055519966,Democrat,94347.5,79030,100600,93660,2021-01-01,NA,NA,NA,NA
Biden,California,93660,100600,6940,0.07409780055519966,Democrat,94347.5,79030,100600,90930,2022-01-01,NA,NA,NA,NA
Biden,California,93660,100600,6940,0.07409780055519966,Democrat,94347.5,79030,100600,92200,2023-01-01,NA,NA,NA,NA
Biden,California,93660,100600,6940,0.07409780055519966,Democrat,94347.5,79030,100600,100600,2024-01-01,NA,NA,NA,NA
Biden,Delaware,78860,85860,7000,0.0887648998224702,Democrat,84845,82940,85860,78860,2021-01-01,NA,NA,NA,NA
Biden,Delaware,78860,85860,7000,0.0887648998224702,Democrat,84845,82940,85860,86090,2022-01-01,NA,NA,NA,NA
Biden,Delaware,78860,85860,7000,0.0887648998224702,Democrat,84845,82940,85860,88570,2023-01-01,NA,NA,NA,NA
Biden,Delaware,78860,85860,7000,0.0887648998224702,Democrat,84845,82940,85860,85860,2024-01-01,NA,NA,NA,NA
Biden,District of Columbia,104100,104800,700,0.0067243035542747355,Democrat,107800,68840,104800,104100,2021-01-01,NA,NA,NA,NA
Biden,District of Columbia,104100,104800,700,0.0067243035542747355,Democrat,107800,68840,104800,108400,2022-01-01,NA,NA,NA,NA
Biden,District of Columbia,104100,104800,700,0.0067243035542747355,Democrat,107800,68840,104800,113900,2023-01-01,NA,NA,NA,NA
Biden,District of Columbia,104100,104800,700,0.0067243035542747355,Democrat,107800,68840,104800,104800,2024-01-01,NA,NA,NA,NA
Biden,Hawaii,94370,98240,3870,0.04100879516795592,Democrat,97375,79320,98240,94370,2021-01-01,NA,NA,NA,NA
Biden,Hawaii,94370,98240,3870,0.04100879516795592,Democrat,97375,79320,98240,97010,2022-01-01,NA,NA,NA,NA
Biden,Hawaii,94370,98240,3870,0.04100879516795592,Democrat,97375,79320,98240,99880,2023-01-01,NA,NA,NA,NA
Biden,Hawaii,94370,98240,3870,0.04100879516795592,Democrat,97375,79320,98240,98240,2024-01-01,NA,NA,NA,NA
Biden,Idaho,88310,81650,-6660,-0.07541614766164648,Republican,80787.5,63940,81650,88310,2021-01-01,NA,NA,NA,NA
Biden,Idaho,88310,81650,-6660,-0.07541614766164648,Republican,80787.5,63940,81650,77370,2022-01-01,NA,NA,NA,NA
Biden,Idaho,88310,81650,-6660,-0.07541614766164648,Republican,80787.5,63940,81650,75820,2023-01-01,NA,NA,NA,NA
Biden,Idaho,88310,81650,-6660,-0.07541614766164648,Republican,80787.5,63940,81650,81650,2024-01-01,NA,NA,NA,NA
Biden,Illinois,90990,84210,-6780,-0.07451368282228817,Democrat,87115,77200,84210,90990,2021-01-01,NA,NA,NA,NA
Biden,Illinois,90990,84210,-6780,-0.07451368282228817,Democrat,87115,77200,84210,83170,2022-01-01,NA,NA,NA,NA
Biden,Illinois,90990,84210,-6780,-0.07451368282228817,Democrat,87115,77200,84210,90090,2023-01-01,NA,NA,NA,NA
Biden,Illinois,90990,84210,-6780,-0.07451368282228817,Democrat,87115,77200,84210,84210,2024-01-01,NA,NA,NA,NA
Biden,Kansas,87230,87690,460,0.005273415109480683,Republican,84955,69250,87690,87230,2021-01-01,NA,NA,NA,NA
Biden,Kansas,87230,87690,460,0.005273415109480683,Republican,84955,69250,87690,77870,2022-01-01,NA,NA,NA,NA
Biden,Kansas,87230,87690,460,0.005273415109480683,Republican,84955,69250,87690,87030,2023-01-01,NA,NA,NA,NA
Biden,Kansas,87230,87690,460,0.005273415109480683,Republican,84955,69250,87690,87690,2024-01-01,NA,NA,NA,NA
Biden,Kentucky,63870,64790,920,0.014404258650383592,Republican,62952.5,64270,64790,63870,2021-01-01,NA,NA,NA,NA
Biden,Kentucky,63870,64790,920,0.014404258650383592,Republican,62952.5,64270,64790,59560,2022-01-01,NA,NA,NA,NA
Biden,Kentucky,63870,64790,920,0.014404258650383592,Republican,62952.5,64270,64790,63590,2023-01-01,NA,NA,NA,NA
Biden,Kentucky,63870,64790,920,0.014404258650383592,Republican,62952.5,64270,64790,64790,2024-01-01,NA,NA,NA,NA
Biden,Louisiana,65680,60740,-4940,-0.07521315468940316,Republican,61935,55720,60740,65680,2021-01-01,NA,NA,NA,NA
Biden,Louisiana,65680,60740,-4940,-0.07521315468940316,Republican,61935,55720,60740,62180,2022-01-01,NA,NA,NA,NA
Biden,Louisiana,65680,60740,-4940,-0.07521315468940316,Republican,61935,55720,60740,59140,2023-01-01,NA,NA,NA,NA
Biden,Louisiana,65680,60740,-4940,-0.07521315468940316,Republican,61935,55720,60740,60740,2024-01-01,NA,NA,NA,NA
Biden,Maine,81680,90730,9050,0.11079823702252693,Democrat,82560,61220,90730,81680,2021-01-01,NA,NA,NA,NA
Biden,Maine,81680,90730,9050,0.11079823702252693,Democrat,82560,61220,90730,80130,2022-01-01,NA,NA,NA,NA
Biden,Maine,81680,90730,9050,0.11079823702252693,Democrat,82560,61220,90730,77700,2023-01-01,NA,NA,NA,NA
Biden,Maine,81680,90730,9050,0.11079823702252693,Democrat,82560,61220,90730,90730,2024-01-01,NA,NA,NA,NA
Biden,Maryland,111700,109700,-2000,-0.017905102954341987,Democrat,110350,89510,109700,111700,2021-01-01,NA,NA,NA,NA
Biden,Maryland,111700,109700,-2000,-0.017905102954341987,Democrat,110350,89510,109700,115400,2022-01-01,NA,NA,NA,NA
Biden,Maryland,111700,109700,-2000,-0.017905102954341987,Democrat,110350,89510,109700,104600,2023-01-01,NA,NA,NA,NA
Biden,Maryland,111700,109700,-2000,-0.017905102954341987,Democrat,110350,89510,109700,109700,2024-01-01,NA,NA,NA,NA
Biden,Massachusetts,99390,113900,14510,0.14599054230807929,Democrat,105577.5,87370,113900,99390,2021-01-01,NA,NA,NA,NA
Biden,Massachusetts,99390,113900,14510,0.14599054230807929,Democrat,105577.5,87370,113900,99720,2022-01-01,NA,NA,NA,NA
Biden,Massachusetts,99390,113900,14510,0.14599054230807929,Democrat,105577.5,87370,113900,109300,2023-01-01,NA,NA,NA,NA
Biden,Massachusetts,99390,113900,14510,0.14599054230807929,Democrat,105577.5,87370,113900,113900,2024-01-01,NA,NA,NA,NA
Biden,Minnesota,92360,92350,-10,-1.0827197921177999e-4,Democrat,93435,88090,92350,92360,2021-01-01,NA,NA,NA,NA
Biden,Minnesota,92360,92350,-10,-1.0827197921177999e-4,Democrat,93435,88090,92350,96350,2022-01-01,NA,NA,NA,NA
Biden,Minnesota,92360,92350,-10,-1.0827197921177999e-4,Democrat,93435,88090,92350,92680,2023-01-01,NA,NA,NA,NA
Biden,Minnesota,92360,92350,-10,-1.0827197921177999e-4,Democrat,93435,88090,92350,92350,2024-01-01,NA,NA,NA,NA
Biden,Mississippi,53550,55980,2430,0.0453781512605042,Republican,54460,50430,55980,53550,2021-01-01,NA,NA,NA,NA
Biden,Mississippi,53550,55980,2430,0.0453781512605042,Republican,54460,50430,55980,51820,2022-01-01,NA,NA,NA,NA
Biden,Mississippi,53550,55980,2430,0.0453781512605042,Republican,54460,50430,55980,56490,2023-01-01,NA,NA,NA,NA
Biden,Mississippi,53550,55980,2430,0.0453781512605042,Republican,54460,50430,55980,55980,2024-01-01,NA,NA,NA,NA
Biden,Missouri,73010,78390,5380,0.07368853581701137,Republican,76987.5,69120,78390,73010,2021-01-01,NA,NA,NA,NA
Biden,Missouri,73010,78390,5380,0.07368853581701137,Republican,76987.5,69120,78390,76240,2022-01-01,NA,NA,NA,NA
Biden,Missouri,73010,78390,5380,0.07368853581701137,Republican,76987.5,69120,78390,80310,2023-01-01,NA,NA,NA,NA
Biden,Missouri,73010,78390,5380,0.07368853581701137,Republican,76987.5,69120,78390,78390,2024-01-01,NA,NA,NA,NA
Biden,Montana,74630,81920,7290,0.09768189736031087,Republican,78902.5,53720,81920,74630,2021-01-01,NA,NA,NA,NA
Biden,Montana,74630,81920,7290,0.09768189736031087,Republican,78902.5,53720,81920,77790,2022-01-01,NA,NA,NA,NA
Biden,Montana,74630,81920,7290,0.09768189736031087,Republican,78902.5,53720,81920,81270,2023-01-01,NA,NA,NA,NA
Biden,Montana,74630,81920,7290,0.09768189736031087,Republican,78902.5,53720,81920,81920,2024-01-01,NA,NA,NA,NA
Biden,Nebraska,89680,86140,-3540,-0.039473684210526314,Republican,87715,72920,86140,89680,2021-01-01,NA,NA,NA,NA
Biden,Nebraska,89680,86140,-3540,-0.039473684210526314,Republican,87715,72920,86140,83540,2022-01-01,NA,NA,NA,NA
Biden,Nebraska,89680,86140,-3540,-0.039473684210526314,Republican,87715,72920,86140,91500,2023-01-01,NA,NA,NA,NA
Biden,Nebraska,89680,86140,-3540,-0.039473684210526314,Republican,87715,72920,86140,86140,2024-01-01,NA,NA,NA,NA
Biden,New Jersey,101700,103500,1800,0.017699115044247787,Democrat,99397.5,86570,103500,101700,2021-01-01,NA,NA,NA,NA
Biden,New Jersey,101700,103500,1800,0.017699115044247787,Democrat,99397.5,86570,103500,98430,2022-01-01,NA,NA,NA,NA
Biden,New Jersey,101700,103500,1800,0.017699115044247787,Democrat,99397.5,86570,103500,93960,2023-01-01,NA,NA,NA,NA
Biden,New Jersey,101700,103500,1800,0.017699115044247787,Democrat,99397.5,86570,103500,103500,2024-01-01,NA,NA,NA,NA
Biden,New York,83720,86830,3110,0.03714763497372193,Democrat,83795,70420,86830,83720,2021-01-01,NA,NA,NA,NA
Biden,New York,83720,86830,3110,0.03714763497372193,Democrat,83795,70420,86830,80920,2022-01-01,NA,NA,NA,NA
Biden,New York,83720,86830,3110,0.03714763497372193,Democrat,83795,70420,86830,83710,2023-01-01,NA,NA,NA,NA
Biden,New York,83720,86830,3110,0.03714763497372193,Democrat,83795,70420,86830,86830,2024-01-01,NA,NA,NA,NA
Biden,North Dakota,79090,88080,8990,0.1136679731950942,Republican,82507.5,59850,88080,79090,2021-01-01,NA,NA,NA,NA
Biden,North Dakota,79090,88080,8990,0.1136679731950942,Republican,82507.5,59850,88080,83910,2022-01-01,NA,NA,NA,NA
Biden,North Dakota,79090,88080,8990,0.1136679731950942,Republican,82507.5,59850,88080,78950,2023-01-01,NA,NA,NA,NA
Biden,North Dakota,79090,88080,8990,0.1136679731950942,Republican,82507.5,59850,88080,88080,2024-01-01,NA,NA,NA,NA
Biden,Oklahoma,69000,65310,-3690,-0.05347826086956522,Republican,67752.5,59540,65310,69000,2021-01-01,NA,NA,NA,NA
Biden,Oklahoma,69000,65310,-3690,-0.05347826086956522,Republican,67752.5,59540,65310,67630,2022-01-01,NA,NA,NA,NA
Biden,Oklahoma,69000,65310,-3690,-0.05347826086956522,Republican,67752.5,59540,65310,69070,2023-01-01,NA,NA,NA,NA
Biden,Oklahoma,69000,65310,-3690,-0.05347826086956522,Republican,67752.5,59540,65310,65310,2024-01-01,NA,NA,NA,NA
Biden,Oregon,93980,89700,-4280,-0.045541604596722705,Democrat,91805,69010,89700,93980,2021-01-01,NA,NA,NA,NA
Biden,Oregon,93980,89700,-4280,-0.045541604596722705,Democrat,91805,69010,89700,92510,2022-01-01,NA,NA,NA,NA
Biden,Oregon,93980,89700,-4280,-0.045541604596722705,Democrat,91805,69010,89700,91030,2023-01-01,NA,NA,NA,NA
Biden,Oregon,93980,89700,-4280,-0.045541604596722705,Democrat,91805,69010,89700,89700,2024-01-01,NA,NA,NA,NA
Biden,Rhode Island,86090,92290,6200,0.07201765594145662,Democrat,87085,76450,92290,86090,2021-01-01,NA,NA,NA,NA
Biden,Rhode Island,86090,92290,6200,0.07201765594145662,Democrat,87085,76450,92290,85980,2022-01-01,NA,NA,NA,NA
Biden,Rhode Island,86090,92290,6200,0.07201765594145662,Democrat,87085,76450,92290,83980,2023-01-01,NA,NA,NA,NA
Biden,Rhode Island,86090,92290,6200,0.07201765594145662,Democrat,87085,76450,92290,92290,2024-01-01,NA,NA,NA,NA
Biden,South Carolina,71810,76780,4970,0.06921041637654923,Republican,71330,63100,76780,71810,2021-01-01,NA,NA,NA,NA
Biden,South Carolina,71810,76780,4970,0.06921041637654923,Republican,71330,63100,76780,65840,2022-01-01,NA,NA,NA,NA
Biden,South Carolina,71810,76780,4970,0.06921041637654923,Republican,71330,63100,76780,70890,2023-01-01,NA,NA,NA,NA
Biden,South Carolina,71810,76780,4970,0.06921041637654923,Republican,71330,63100,76780,76780,2024-01-01,NA,NA,NA,NA
Biden,South Dakota,84840,79850,-4990,-0.05881659594530882,Republican,80042.5,66330,79850,84840,2021-01-01,NA,NA,NA,NA
Biden,South Dakota,84840,79850,-4990,-0.05881659594530882,Republican,80042.5,66330,79850,71620,2022-01-01,NA,NA,NA,NA
Biden,South Dakota,84840,79850,-4990,-0.05881659594530882,Republican,80042.5,66330,79850,83860,2023-01-01,NA,NA,NA,NA
Biden,South Dakota,84840,79850,-4990,-0.05881659594530882,Republican,80042.5,66330,79850,79850,2024-01-01,NA,NA,NA,NA
Biden,Texas,77390,81490,4100,0.05297842098462334,Republican,79887.5,68320,81490,77390,2021-01-01,NA,NA,NA,NA
Biden,Texas,77390,81490,4100,0.05297842098462334,Republican,79887.5,68320,81490,79560,2022-01-01,NA,NA,NA,NA
Biden,Texas,77390,81490,4100,0.05297842098462334,Republican,79887.5,68320,81490,81110,2023-01-01,NA,NA,NA,NA
Biden,Texas,77390,81490,4100,0.05297842098462334,Republican,79887.5,68320,81490,81490,2024-01-01,NA,NA,NA,NA
Biden,Utah,100600,104000,3400,0.033797216699801194,Republican,102625,79160,104000,100600,2021-01-01,NA,NA,NA,NA
Biden,Utah,100600,104000,3400,0.033797216699801194,Republican,102625,79160,104000,102100,2022-01-01,NA,NA,NA,NA
Biden,Utah,100600,104000,3400,0.033797216699801194,Republican,102625,79160,104000,103800,2023-01-01,NA,NA,NA,NA
Biden,Utah,100600,104000,3400,0.033797216699801194,Republican,102625,79160,104000,104000,2024-01-01,NA,NA,NA,NA
Biden,Vermont,87350,85260,-2090,-0.023926731539782486,Democrat,84242.5,68210,85260,87350,2021-01-01,NA,NA,NA,NA
Biden,Vermont,87350,85260,-2090,-0.023926731539782486,Democrat,84242.5,68210,85260,76960,2022-01-01,NA,NA,NA,NA
Biden,Vermont,87350,85260,-2090,-0.023926731539782486,Democrat,84242.5,68210,85260,87400,2023-01-01,NA,NA,NA,NA
Biden,Vermont,87350,85260,-2090,-0.023926731539782486,Democrat,84242.5,68210,85260,85260,2024-01-01,NA,NA,NA,NA
Biden,Washington,100600,97500,-3100,-0.030815109343936383,Democrat,97320,71050,97500,100600,2021-01-01,NA,NA,NA,NA
Biden,Washington,100600,97500,-3100,-0.030815109343936383,Democrat,97320,71050,97500,95330,2022-01-01,NA,NA,NA,NA
Biden,Washington,100600,97500,-3100,-0.030815109343936383,Democrat,97320,71050,97500,95850,2023-01-01,NA,NA,NA,NA
Biden,Washington,100600,97500,-3100,-0.030815109343936383,Democrat,97320,71050,97500,97500,2024-01-01,NA,NA,NA,NA
Biden,West Virginia,53770,63150,9380,0.17444671750046495,Republican,58702.5,49620,63150,53770,2021-01-01,NA,NA,NA,NA
Biden,West Virginia,53770,63150,9380,0.17444671750046495,Republican,58702.5,49620,63150,55920,2022-01-01,NA,NA,NA,NA
Biden,West Virginia,53770,63150,9380,0.17444671750046495,Republican,58702.5,49620,63150,61970,2023-01-01,NA,NA,NA,NA
Biden,West Virginia,53770,63150,9380,0.17444671750046495,Republican,58702.5,49620,63150,63150,2024-01-01,NA,NA,NA,NA
Biden,Wyoming,81580,78680,-2900,-0.03554792841382692,Republican,79345,66410,78680,81580,2021-01-01,NA,NA,NA,NA
Biden,Wyoming,81580,78680,-2900,-0.03554792841382692,Republican,79345,66410,78680,77920,2022-01-01,NA,NA,NA,NA
Biden,Wyoming,81580,78680,-2900,-0.03554792841382692,Republican,79345,66410,78680,79200,2023-01-01,NA,NA,NA,NA
Biden,Wyoming,81580,78680,-2900,-0.03554792841382692,Republican,79345,66410,78680,78680,2024-01-01,NA,NA,NA,NA
Bush,Alabama,58790,62350,3560,0.06055451607416227,Republican,59527.5,58790,65560,58790,2001-01-01,NA,NA,NA,NA
Bush,Alabama,58790,62350,3560,0.06055451607416227,Republican,59527.5,58790,65560,62100,2002-01-01,NA,NA,NA,NA
Bush,Alabama,58790,62350,3560,0.06055451607416227,Republican,59527.5,58790,65560,60270,2003-01-01,NA,NA,NA,NA
Bush,Alabama,58790,62350,3560,0.06055451607416227,Republican,59527.5,58790,65560,57810,2004-01-01,NA,NA,NA,NA
Bush,Alabama,58790,62350,3560,0.06055451607416227,Republican,59527.5,58790,65560,56980,2005-01-01,NA,NA,NA,NA
Bush,Alabama,58790,62350,3560,0.06055451607416227,Republican,59527.5,58790,65560,56570,2006-01-01,NA,NA,NA,NA
Bush,Alabama,58790,62350,3560,0.06055451607416227,Republican,59527.5,58790,65560,61350,2007-01-01,NA,NA,NA,NA
Bush,Alabama,58790,62350,3560,0.06055451607416227,Republican,59527.5,58790,65560,62350,2008-01-01,NA,NA,NA,NA
Bush,Alaska,95920,89710,-6210,-0.06474145120934112,Republican,88116.25,95920,91260,95920,2001-01-01,NA,NA,NA,NA
Bush,Alaska,95920,89710,-6210,-0.06474145120934112,Republican,88116.25,95920,91260,87160,2002-01-01,NA,NA,NA,NA
Bush,Alaska,95920,89710,-6210,-0.06474145120934112,Republican,88116.25,95920,91260,83860,2003-01-01,NA,NA,NA,NA
Bush,Alaska,95920,89710,-6210,-0.06474145120934112,Republican,88116.25,95920,91260,86900,2004-01-01,NA,NA,NA,NA
Bush,Alaska,95920,89710,-6210,-0.06474145120934112,Republican,88116.25,95920,91260,85730,2005-01-01,NA,NA,NA,NA
Bush,Alaska,95920,89710,-6210,-0.06474145120934112,Republican,88116.25,95920,91260,84100,2006-01-01,NA,NA,NA,NA
Bush,Alaska,95920,89710,-6210,-0.06474145120934112,Republican,88116.25,95920,91260,91550,2007-01-01,NA,NA,NA,NA
Bush,Alaska,95920,89710,-6210,-0.06474145120934112,Republican,88116.25,95920,91260,89710,2008-01-01,NA,NA,NA,NA
Bush,Arkansas,55750,55500,-250,-0.004484304932735426,Republican,55310,55750,64840,55750,2001-01-01,NA,NA,NA,NA
Bush,Arkansas,55750,55500,-250,-0.004484304932735426,Republican,55310,55750,64840,53490,2002-01-01,NA,NA,NA,NA
Bush,Arkansas,55750,55500,-250,-0.004484304932735426,Republican,55310,55750,64840,51770,2003-01-01,NA,NA,NA,NA
Bush,Arkansas,55750,55500,-250,-0.004484304932735426,Republican,55310,55750,64840,55210,2004-01-01,NA,NA,NA,NA
Bush,Arkansas,55750,55500,-250,-0.004484304932735426,Republican,55310,55750,64840,56230,2005-01-01,NA,NA,NA,NA
Bush,Arkansas,55750,55500,-250,-0.004484304932735426,Republican,55310,55750,64840,55240,2006-01-01,NA,NA,NA,NA
Bush,Arkansas,55750,55500,-250,-0.004484304932735426,Republican,55310,55750,64840,59290,2007-01-01,NA,NA,NA,NA
Bush,Arkansas,55750,55500,-250,-0.004484304932735426,Republican,55310,55750,64840,55500,2008-01-01,NA,NA,NA,NA
Bush,California,79030,79930,900,0.011388080475768695,Democrat,79698.75,79030,100600,79030,2001-01-01,NA,NA,NA,NA
Bush,California,79030,79930,900,0.011388080475768695,Democrat,79698.75,79030,100600,78340,2002-01-01,NA,NA,NA,NA
Bush,California,79030,79930,900,0.011388080475768695,Democrat,79698.75,79030,100600,79760,2003-01-01,NA,NA,NA,NA
Bush,California,79030,79930,900,0.011388080475768695,Democrat,79698.75,79030,100600,77690,2004-01-01,NA,NA,NA,NA
Bush,California,79030,79930,900,0.011388080475768695,Democrat,79698.75,79030,100600,79380,2005-01-01,NA,NA,NA,NA
Bush,California,79030,79930,900,0.011388080475768695,Democrat,79698.75,79030,100600,82460,2006-01-01,NA,NA,NA,NA
Bush,California,79030,79930,900,0.011388080475768695,Democrat,79698.75,79030,100600,81000,2007-01-01,NA,NA,NA,NA
Bush,California,79030,79930,900,0.011388080475768695,Democrat,79698.75,79030,100600,79930,2008-01-01,NA,NA,NA,NA
Bush,Delaware,82940,71080,-11860,-0.14299493609838437,Democrat,78405,82940,85860,82940,2001-01-01,NA,NA,NA,NA
Bush,Delaware,82940,71080,-11860,-0.14299493609838437,Democrat,78405,82940,85860,82000,2002-01-01,NA,NA,NA,NA
Bush,Delaware,82940,71080,-11860,-0.14299493609838437,Democrat,78405,82940,85860,79300,2003-01-01,NA,NA,NA,NA
Bush,Delaware,82940,71080,-11860,-0.14299493609838437,Democrat,78405,82940,85860,75830,2004-01-01,NA,NA,NA,NA
Bush,Delaware,82940,71080,-11860,-0.14299493609838437,Democrat,78405,82940,85860,78590,2005-01-01,NA,NA,NA,NA
Bush,Delaware,82940,71080,-11860,-0.14299493609838437,Democrat,78405,82940,85860,78160,2006-01-01,NA,NA,NA,NA
Bush,Delaware,82940,71080,-11860,-0.14299493609838437,Democrat,78405,82940,85860,79340,2007-01-01,NA,NA,NA,NA
Bush,Delaware,82940,71080,-11860,-0.14299493609838437,Democrat,78405,82940,85860,71080,2008-01-01,NA,NA,NA,NA
Bush,District of Columbia,68840,77930,9090,0.13204532248692621,Democrat,70976.25,68840,104800,68840,2001-01-01,NA,NA,NA,NA
Bush,District of Columbia,68840,77930,9090,0.13204532248692621,Democrat,70976.25,68840,104800,64520,2002-01-01,NA,NA,NA,NA
Bush,District of Columbia,68840,77930,9090,0.13204532248692621,Democrat,70976.25,68840,104800,72870,2003-01-01,NA,NA,NA,NA
Bush,District of Columbia,68840,77930,9090,0.13204532248692621,Democrat,70976.25,68840,104800,68580,2004-01-01,NA,NA,NA,NA
Bush,District of Columbia,68840,77930,9090,0.13204532248692621,Democrat,70976.25,68840,104800,69010,2005-01-01,NA,NA,NA,NA
Bush,District of Columbia,68840,77930,9090,0.13204532248692621,Democrat,70976.25,68840,104800,72260,2006-01-01,NA,NA,NA,NA
Bush,District of Columbia,68840,77930,9090,0.13204532248692621,Democrat,70976.25,68840,104800,73800,2007-01-01,NA,NA,NA,NA
Bush,District of Columbia,68840,77930,9090,0.13204532248692621,Democrat,70976.25,68840,104800,77930,2008-01-01,NA,NA,NA,NA
Bush,Hawaii,79320,86250,6930,0.08736762481089258,Democrat,86363.75,79320,98240,79320,2001-01-01,NA,NA,NA,NA
Bush,Hawaii,79320,86250,6930,0.08736762481089258,Democrat,86363.75,79320,98240,78120,2002-01-01,NA,NA,NA,NA
Bush,Hawaii,79320,86250,6930,0.08736762481089258,Democrat,86363.75,79320,98240,83860,2003-01-01,NA,NA,NA,NA
Bush,Hawaii,79320,86250,6930,0.08736762481089258,Democrat,86363.75,79320,98240,88770,2004-01-01,NA,NA,NA,NA
Bush,Hawaii,79320,86250,6930,0.08736762481089258,Democrat,86363.75,79320,98240,91400,2005-01-01,NA,NA,NA,NA
Bush,Hawaii,79320,86250,6930,0.08736762481089258,Democrat,86363.75,79320,98240,90140,2006-01-01,NA,NA,NA,NA
Bush,Hawaii,79320,86250,6930,0.08736762481089258,Democrat,86363.75,79320,98240,93050,2007-01-01,NA,NA,NA,NA
Bush,Hawaii,79320,86250,6930,0.08736762481089258,Democrat,86363.75,79320,98240,86250,2008-01-01,NA,NA,NA,NA
Bush,Idaho,63940,66480,2540,0.039724741945573974,Republican,67425,63940,81650,63940,2001-01-01,NA,NA,NA,NA
Bush,Idaho,63940,66480,2540,0.039724741945573974,Republican,67425,63940,81650,62290,2002-01-01,NA,NA,NA,NA
Bush,Idaho,63940,66480,2540,0.039724741945573974,Republican,67425,63940,81650,68550,2003-01-01,NA,NA,NA,NA
Bush,Idaho,63940,66480,2540,0.039724741945573974,Republican,67425,63940,81650,70010,2004-01-01,NA,NA,NA,NA
Bush,Idaho,63940,66480,2540,0.039724741945573974,Republican,67425,63940,81650,67760,2005-01-01,NA,NA,NA,NA
Bush,Idaho,63940,66480,2540,0.039724741945573974,Republican,67425,63940,81650,68890,2006-01-01,NA,NA,NA,NA
Bush,Idaho,63940,66480,2540,0.039724741945573974,Republican,67425,63940,81650,71480,2007-01-01,NA,NA,NA,NA
Bush,Idaho,63940,66480,2540,0.039724741945573974,Republican,67425,63940,81650,66480,2008-01-01,NA,NA,NA,NA
Bush,Illinois,77200,74660,-2540,-0.03290155440414508,Democrat,73908.75,77200,84210,77200,2001-01-01,NA,NA,NA,NA
Bush,Illinois,77200,74660,-2540,-0.03290155440414508,Democrat,73908.75,77200,84210,70540,2002-01-01,NA,NA,NA,NA
Bush,Illinois,77200,74660,-2540,-0.03290155440414508,Democrat,73908.75,77200,84210,73050,2003-01-01,NA,NA,NA,NA
Bush,Illinois,77200,74660,-2540,-0.03290155440414508,Democrat,73908.75,77200,84210,72720,2004-01-01,NA,NA,NA,NA
Bush,Illinois,77200,74660,-2540,-0.03290155440414508,Democrat,73908.75,77200,84210,74240,2005-01-01,NA,NA,NA,NA
Bush,Illinois,77200,74660,-2540,-0.03290155440414508,Democrat,73908.75,77200,84210,72550,2006-01-01,NA,NA,NA,NA
Bush,Illinois,77200,74660,-2540,-0.03290155440414508,Democrat,73908.75,77200,84210,76310,2007-01-01,NA,NA,NA,NA
Bush,Illinois,77200,74660,-2540,-0.03290155440414508,Democrat,73908.75,77200,84210,74660,2008-01-01,NA,NA,NA,NA
Bush,Kansas,69250,67120,-2130,-0.03075812274368231,Republican,68246.25,69250,87690,69250,2001-01-01,NA,NA,NA,NA
Bush,Kansas,69250,67120,-2130,-0.03075812274368231,Republican,68246.25,69250,87690,70390,2002-01-01,NA,NA,NA,NA
Bush,Kansas,69250,67120,-2130,-0.03075812274368231,Republican,68246.25,69250,87690,71560,2003-01-01,NA,NA,NA,NA
Bush,Kansas,69250,67120,-2130,-0.03075812274368231,Republican,68246.25,69250,87690,64810,2004-01-01,NA,NA,NA,NA
Bush,Kansas,69250,67120,-2130,-0.03075812274368231,Republican,68246.25,69250,87690,64460,2005-01-01,NA,NA,NA,NA
Bush,Kansas,69250,67120,-2130,-0.03075812274368231,Republican,68246.25,69250,87690,67900,2006-01-01,NA,NA,NA,NA
Bush,Kansas,69250,67120,-2130,-0.03075812274368231,Republican,68246.25,69250,87690,70480,2007-01-01,NA,NA,NA,NA
Bush,Kansas,69250,67120,-2130,-0.03075812274368231,Republican,68246.25,69250,87690,67120,2008-01-01,NA,NA,NA,NA
Bush,Kentucky,64270,57690,-6580,-0.1023805819200249,Republican,58890,64270,64790,64270,2001-01-01,NA,NA,NA,NA
Bush,Kentucky,64270,57690,-6580,-0.1023805819200249,Republican,58890,64270,64790,60710,2002-01-01,NA,NA,NA,NA
Bush,Kentucky,64270,57690,-6580,-0.1023805819200249,Republican,58890,64270,64790,59760,2003-01-01,NA,NA,NA,NA
Bush,Kentucky,64270,57690,-6580,-0.1023805819200249,Republican,58890,64270,64790,56200,2004-01-01,NA,NA,NA,NA
Bush,Kentucky,64270,57690,-6580,-0.1023805819200249,Republican,58890,64270,64790,56290,2005-01-01,NA,NA,NA,NA
Bush,Kentucky,64270,57690,-6580,-0.1023805819200249,Republican,58890,64270,64790,58860,2006-01-01,NA,NA,NA,NA
Bush,Kentucky,64270,57690,-6580,-0.1023805819200249,Republican,58890,64270,64790,57340,2007-01-01,NA,NA,NA,NA
Bush,Kentucky,64270,57690,-6580,-0.1023805819200249,Republican,58890,64270,64790,57690,2008-01-01,NA,NA,NA,NA
Bush,Louisiana,55720,55460,-260,-0.00466618808327351,Republican,56323.75,55720,60740,55720,2001-01-01,NA,NA,NA,NA
Bush,Louisiana,55720,55460,-260,-0.00466618808327351,Republican,56323.75,55720,60740,56160,2002-01-01,NA,NA,NA,NA
Bush,Louisiana,55720,55460,-260,-0.00466618808327351,Republican,56323.75,55720,60740,54210,2003-01-01,NA,NA,NA,NA
Bush,Louisiana,55720,55460,-260,-0.00466618808327351,Republican,56323.75,55720,60740,57500,2004-01-01,NA,NA,NA,NA
Bush,Louisiana,55720,55460,-260,-0.00466618808327351,Republican,56323.75,55720,60740,57110,2005-01-01,NA,NA,NA,NA
Bush,Louisiana,55720,55460,-260,-0.00466618808327351,Republican,56323.75,55720,60740,54390,2006-01-01,NA,NA,NA,NA
Bush,Louisiana,55720,55460,-260,-0.00466618808327351,Republican,56323.75,55720,60740,60040,2007-01-01,NA,NA,NA,NA
Bush,Louisiana,55720,55460,-260,-0.00466618808327351,Republican,56323.75,55720,60740,55460,2008-01-01,NA,NA,NA,NA
Bush,Maine,61220,66210,4990,0.0815093106827834,Democrat,64821.25,61220,90730,61220,2001-01-01,NA,NA,NA,NA
Bush,Maine,61220,66210,4990,0.0815093106827834,Democrat,64821.25,61220,90730,60860,2002-01-01,NA,NA,NA,NA
Bush,Maine,61220,66210,4990,0.0815093106827834,Democrat,64821.25,61220,90730,60040,2003-01-01,NA,NA,NA,NA
Bush,Maine,61220,66210,4990,0.0815093106827834,Democrat,64821.25,61220,90730,65230,2004-01-01,NA,NA,NA,NA
Bush,Maine,61220,66210,4990,0.0815093106827834,Democrat,64821.25,61220,90730,67370,2005-01-01,NA,NA,NA,NA
Bush,Maine,61220,66210,4990,0.0815093106827834,Democrat,64821.25,61220,90730,68030,2006-01-01,NA,NA,NA,NA
Bush,Maine,61220,66210,4990,0.0815093106827834,Democrat,64821.25,61220,90730,69610,2007-01-01,NA,NA,NA,NA
Bush,Maine,61220,66210,4990,0.0815093106827834,Democrat,64821.25,61220,90730,66210,2008-01-01,NA,NA,NA,NA
Bush,Maryland,89510,89320,-190,-0.00212266785833985,Democrat,91230,89510,109700,89510,2001-01-01,NA,NA,NA,NA
Bush,Maryland,89510,89320,-190,-0.00212266785833985,Democrat,91230,89510,109700,93160,2002-01-01,NA,NA,NA,NA
Bush,Maryland,89510,89320,-190,-0.00212266785833985,Democrat,91230,89510,109700,84630,2003-01-01,NA,NA,NA,NA
Bush,Maryland,89510,89320,-190,-0.00212266785833985,Democrat,91230,89510,109700,90120,2004-01-01,NA,NA,NA,NA
Bush,Maryland,89510,89320,-190,-0.00212266785833985,Democrat,91230,89510,109700,92820,2005-01-01,NA,NA,NA,NA
Bush,Maryland,89510,89320,-190,-0.00212266785833985,Democrat,91230,89510,109700,94900,2006-01-01,NA,NA,NA,NA
Bush,Maryland,89510,89320,-190,-0.00212266785833985,Democrat,91230,89510,109700,95380,2007-01-01,NA,NA,NA,NA
Bush,Maryland,89510,89320,-190,-0.00212266785833985,Democrat,91230,89510,109700,89320,2008-01-01,NA,NA,NA,NA
Bush,Massachusetts,87370,84560,-2810,-0.03216206936019229,Democrat,84021.25,87370,113900,87370,2001-01-01,NA,NA,NA,NA
Bush,Massachusetts,87370,84560,-2810,-0.03216206936019229,Democrat,84021.25,87370,113900,82340,2002-01-01,NA,NA,NA,NA
Bush,Massachusetts,87370,84560,-2810,-0.03216206936019229,Democrat,84021.25,87370,113900,82440,2003-01-01,NA,NA,NA,NA
Bush,Massachusetts,87370,84560,-2810,-0.03216206936019229,Democrat,84021.25,87370,113900,82100,2004-01-01,NA,NA,NA,NA
Bush,Massachusetts,87370,84560,-2810,-0.03216206936019229,Democrat,84021.25,87370,113900,85920,2005-01-01,NA,NA,NA,NA
Bush,Massachusetts,87370,84560,-2810,-0.03216206936019229,Democrat,84021.25,87370,113900,82470,2006-01-01,NA,NA,NA,NA
Bush,Massachusetts,87370,84560,-2810,-0.03216206936019229,Democrat,84021.25,87370,113900,84970,2007-01-01,NA,NA,NA,NA
Bush,Massachusetts,87370,84560,-2810,-0.03216206936019229,Democrat,84021.25,87370,113900,84560,2008-01-01,NA,NA,NA,NA
Bush,Minnesota,88090,77000,-11090,-0.1258939720740152,Democrat,85080,88090,92350,88090,2001-01-01,NA,NA,NA,NA
Bush,Minnesota,88090,77000,-11090,-0.1258939720740152,Democrat,85080,88090,92350,90210,2002-01-01,NA,NA,NA,NA
Bush,Minnesota,88090,77000,-11090,-0.1258939720740152,Democrat,85080,88090,92350,85460,2003-01-01,NA,NA,NA,NA
Bush,Minnesota,88090,77000,-11090,-0.1258939720740152,Democrat,85080,88090,92350,88550,2004-01-01,NA,NA,NA,NA
Bush,Minnesota,88090,77000,-11090,-0.1258939720740152,Democrat,85080,88090,92350,83160,2005-01-01,NA,NA,NA,NA
Bush,Minnesota,88090,77000,-11090,-0.1258939720740152,Democrat,85080,88090,92350,83790,2006-01-01,NA,NA,NA,NA
Bush,Minnesota,88090,77000,-11090,-0.1258939720740152,Democrat,85080,88090,92350,84380,2007-01-01,NA,NA,NA,NA
Bush,Minnesota,88090,77000,-11090,-0.1258939720740152,Democrat,85080,88090,92350,77000,2008-01-01,NA,NA,NA,NA
Bush,Mississippi,50430,51090,660,0.013087447947650209,Republican,52087.5,50430,55980,50430,2001-01-01,NA,NA,NA,NA
Bush,Mississippi,50430,51090,660,0.013087447947650209,Republican,52087.5,50430,55980,51000,2002-01-01,NA,NA,NA,NA
Bush,Mississippi,50430,51090,660,0.013087447947650209,Republican,52087.5,50430,55980,52950,2003-01-01,NA,NA,NA,NA
Bush,Mississippi,50430,51090,660,0.013087447947650209,Republican,52087.5,50430,55980,54850,2004-01-01,NA,NA,NA,NA
Bush,Mississippi,50430,51090,660,0.013087447947650209,Republican,52087.5,50430,55980,50430,2005-01-01,NA,NA,NA,NA
Bush,Mississippi,50430,51090,660,0.013087447947650209,Republican,52087.5,50430,55980,51770,2006-01-01,NA,NA,NA,NA
Bush,Mississippi,50430,51090,660,0.013087447947650209,Republican,52087.5,50430,55980,54180,2007-01-01,NA,NA,NA,NA
Bush,Mississippi,50430,51090,660,0.013087447947650209,Republican,52087.5,50430,55980,51090,2008-01-01,NA,NA,NA,NA
Bush,Missouri,69120,64540,-4580,-0.06626157407407407,Republican,67606.25,69120,78390,69120,2001-01-01,NA,NA,NA,NA
Bush,Missouri,69120,64540,-4580,-0.06626157407407407,Republican,67606.25,69120,78390,70650,2002-01-01,NA,NA,NA,NA
Bush,Missouri,69120,64540,-4580,-0.06626157407407407,Republican,67606.25,69120,78390,70800,2003-01-01,NA,NA,NA,NA
Bush,Missouri,69120,64540,-4580,-0.06626157407407407,Republican,67606.25,69120,78390,66500,2004-01-01,NA,NA,NA,NA
Bush,Missouri,69120,64540,-4580,-0.06626157407407407,Republican,67606.25,69120,78390,65930,2005-01-01,NA,NA,NA,NA
Bush,Missouri,69120,64540,-4580,-0.06626157407407407,Republican,67606.25,69120,78390,66450,2006-01-01,NA,NA,NA,NA
Bush,Missouri,69120,64540,-4580,-0.06626157407407407,Republican,67606.25,69120,78390,66860,2007-01-01,NA,NA,NA,NA
Bush,Missouri,69120,64540,-4580,-0.06626157407407407,Republican,67606.25,69120,78390,64540,2008-01-01,NA,NA,NA,NA
Bush,Montana,53720,60140,6420,0.11950856291883842,Republican,57763.75,53720,81920,53720,2001-01-01,NA,NA,NA,NA
Bush,Montana,53720,60140,6420,0.11950856291883842,Republican,57763.75,53720,81920,57530,2002-01-01,NA,NA,NA,NA
Bush,Montana,53720,60140,6420,0.11950856291883842,Republican,57763.75,53720,81920,55180,2003-01-01,NA,NA,NA,NA
Bush,Montana,53720,60140,6420,0.11950856291883842,Republican,57763.75,53720,81920,53590,2004-01-01,NA,NA,NA,NA
Bush,Montana,53720,60140,6420,0.11950856291883842,Republican,57763.75,53720,81920,57230,2005-01-01,NA,NA,NA,NA
Bush,Montana,53720,60140,6420,0.11950856291883842,Republican,57763.75,53720,81920,61270,2006-01-01,NA,NA,NA,NA
Bush,Montana,53720,60140,6420,0.11950856291883842,Republican,57763.75,53720,81920,63450,2007-01-01,NA,NA,NA,NA
Bush,Montana,53720,60140,6420,0.11950856291883842,Republican,57763.75,53720,81920,60140,2008-01-01,NA,NA,NA,NA
Bush,Nebraska,72920,71120,-1800,-0.024684585847504114,Republican,71463.75,72920,86140,72920,2001-01-01,NA,NA,NA,NA
Bush,Nebraska,72920,71120,-1800,-0.024684585847504114,Republican,71463.75,72920,86140,70680,2002-01-01,NA,NA,NA,NA
Bush,Nebraska,72920,71120,-1800,-0.024684585847504114,Republican,71463.75,72920,86140,71140,2003-01-01,NA,NA,NA,NA
Bush,Nebraska,72920,71120,-1800,-0.024684585847504114,Republican,71463.75,72920,86140,69110,2004-01-01,NA,NA,NA,NA
Bush,Nebraska,72920,71120,-1800,-0.024684585847504114,Republican,71463.75,72920,86140,73510,2005-01-01,NA,NA,NA,NA
Bush,Nebraska,72920,71120,-1800,-0.024684585847504114,Republican,71463.75,72920,86140,71760,2006-01-01,NA,NA,NA,NA
Bush,Nebraska,72920,71120,-1800,-0.024684585847504114,Republican,71463.75,72920,86140,71470,2007-01-01,NA,NA,NA,NA
Bush,Nebraska,72920,71120,-1800,-0.024684585847504114,Republican,71463.75,72920,86140,71120,2008-01-01,NA,NA,NA,NA
Bush,New Jersey,86570,91550,4980,0.057525701744253206,Democrat,91586.25,86570,103500,86570,2001-01-01,NA,NA,NA,NA
Bush,New Jersey,86570,91550,4980,0.057525701744253206,Democrat,91586.25,86570,103500,90120,2002-01-01,NA,NA,NA,NA
Bush,New Jersey,86570,91550,4980,0.057525701744253206,Democrat,91586.25,86570,103500,90670,2003-01-01,NA,NA,NA,NA
Bush,New Jersey,86570,91550,4980,0.057525701744253206,Democrat,91586.25,86570,103500,87240,2004-01-01,NA,NA,NA,NA
Bush,New Jersey,86570,91550,4980,0.057525701744253206,Democrat,91586.25,86570,103500,97200,2005-01-01,NA,NA,NA,NA
Bush,New Jersey,86570,91550,4980,0.057525701744253206,Democrat,91586.25,86570,103500,101400,2006-01-01,NA,NA,NA,NA
Bush,New Jersey,86570,91550,4980,0.057525701744253206,Democrat,91586.25,86570,103500,87940,2007-01-01,NA,NA,NA,NA
Bush,New Jersey,86570,91550,4980,0.057525701744253206,Democrat,91586.25,86570,103500,91550,2008-01-01,NA,NA,NA,NA
Bush,New York,70420,70740,320,0.004544163589889236,Democrat,70691.25,70420,86830,70420,2001-01-01,NA,NA,NA,NA
Bush,New York,70420,70740,320,0.004544163589889236,Democrat,70691.25,70420,86830,69310,2002-01-01,NA,NA,NA,NA
Bush,New York,70420,70740,320,0.004544163589889236,Democrat,70691.25,70420,86830,69220,2003-01-01,NA,NA,NA,NA
Bush,New York,70420,70740,320,0.004544163589889236,Democrat,70691.25,70420,86830,70470,2004-01-01,NA,NA,NA,NA
Bush,New York,70420,70740,320,0.004544163589889236,Democrat,70691.25,70420,86830,72360,2005-01-01,NA,NA,NA,NA
Bush,New York,70420,70740,320,0.004544163589889236,Democrat,70691.25,70420,86830,71880,2006-01-01,NA,NA,NA,NA
Bush,New York,70420,70740,320,0.004544163589889236,Democrat,70691.25,70420,86830,71130,2007-01-01,NA,NA,NA,NA
Bush,New York,70420,70740,320,0.004544163589889236,Democrat,70691.25,70420,86830,70740,2008-01-01,NA,NA,NA,NA
Bush,North Dakota,59850,69580,9730,0.16257309941520467,Republican,63873.75,59850,88080,59850,2001-01-01,NA,NA,NA,NA
Bush,North Dakota,59850,69580,9730,0.16257309941520467,Republican,63873.75,59850,88080,59780,2002-01-01,NA,NA,NA,NA
Bush,North Dakota,59850,69580,9730,0.16257309941520467,Republican,63873.75,59850,88080,65380,2003-01-01,NA,NA,NA,NA
Bush,North Dakota,59850,69580,9730,0.16257309941520467,Republican,63873.75,59850,88080,61900,2004-01-01,NA,NA,NA,NA
Bush,North Dakota,59850,69580,9730,0.16257309941520467,Republican,63873.75,59850,88080,64720,2005-01-01,NA,NA,NA,NA
Bush,North Dakota,59850,69580,9730,0.16257309941520467,Republican,63873.75,59850,88080,61180,2006-01-01,NA,NA,NA,NA
Bush,North Dakota,59850,69580,9730,0.16257309941520467,Republican,63873.75,59850,88080,68600,2007-01-01,NA,NA,NA,NA
Bush,North Dakota,59850,69580,9730,0.16257309941520467,Republican,63873.75,59850,88080,69580,2008-01-01,NA,NA,NA,NA
Bush,Oklahoma,59540,64640,5100,0.08565670137722539,Republican,60428.75,59540,65310,59540,2001-01-01,NA,NA,NA,NA
Bush,Oklahoma,59540,64640,5100,0.08565670137722539,Republican,60428.75,59540,65310,60210,2002-01-01,NA,NA,NA,NA
Bush,Oklahoma,59540,64640,5100,0.08565670137722539,Republican,60428.75,59540,65310,58080,2003-01-01,NA,NA,NA,NA
Bush,Oklahoma,59540,64640,5100,0.08565670137722539,Republican,60428.75,59540,65310,62520,2004-01-01,NA,NA,NA,NA
Bush,Oklahoma,59540,64640,5100,0.08565670137722539,Republican,60428.75,59540,65310,57740,2005-01-01,NA,NA,NA,NA
Bush,Oklahoma,59540,64640,5100,0.08565670137722539,Republican,60428.75,59540,65310,57890,2006-01-01,NA,NA,NA,NA
Bush,Oklahoma,59540,64640,5100,0.08565670137722539,Republican,60428.75,59540,65310,62810,2007-01-01,NA,NA,NA,NA
Bush,Oklahoma,59540,64640,5100,0.08565670137722539,Republican,60428.75,59540,65310,64640,2008-01-01,NA,NA,NA,NA
Bush,Oregon,69010,72520,3510,0.05086219388494421,Democrat,69195,69010,89700,69010,2001-01-01,NA,NA,NA,NA
Bush,Oregon,69010,72520,3510,0.05086219388494421,Democrat,69195,69010,89700,69040,2002-01-01,NA,NA,NA,NA
Bush,Oregon,69010,72520,3510,0.05086219388494421,Democrat,69195,69010,89700,67360,2003-01-01,NA,NA,NA,NA
Bush,Oregon,69010,72520,3510,0.05086219388494421,Democrat,69195,69010,89700,64700,2004-01-01,NA,NA,NA,NA
Bush,Oregon,69010,72520,3510,0.05086219388494421,Democrat,69195,69010,89700,67730,2005-01-01,NA,NA,NA,NA
Bush,Oregon,69010,72520,3510,0.05086219388494421,Democrat,69195,69010,89700,70190,2006-01-01,NA,NA,NA,NA
Bush,Oregon,69010,72520,3510,0.05086219388494421,Democrat,69195,69010,89700,73010,2007-01-01,NA,NA,NA,NA
Bush,Oregon,69010,72520,3510,0.05086219388494421,Democrat,69195,69010,89700,72520,2008-01-01,NA,NA,NA,NA
Bush,Rhode Island,76450,74640,-1810,-0.023675604970569,Democrat,75488.75,76450,92290,76450,2001-01-01,NA,NA,NA,NA
Bush,Rhode Island,76450,74640,-1810,-0.023675604970569,Democrat,75488.75,76450,92290,70050,2002-01-01,NA,NA,NA,NA
Bush,Rhode Island,76450,74640,-1810,-0.023675604970569,Democrat,75488.75,76450,92290,72330,2003-01-01,NA,NA,NA,NA
Bush,Rhode Island,76450,74640,-1810,-0.023675604970569,Democrat,75488.75,76450,92290,75650,2004-01-01,NA,NA,NA,NA
Bush,Rhode Island,76450,74640,-1810,-0.023675604970569,Democrat,75488.75,76450,92290,75900,2005-01-01,NA,NA,NA,NA
Bush,Rhode Island,76450,74640,-1810,-0.023675604970569,Democrat,75488.75,76450,92290,80100,2006-01-01,NA,NA,NA,NA
Bush,Rhode Island,76450,74640,-1810,-0.023675604970569,Democrat,75488.75,76450,92290,78790,2007-01-01,NA,NA,NA,NA
Bush,Rhode Island,76450,74640,-1810,-0.023675604970569,Democrat,75488.75,76450,92290,74640,2008-01-01,NA,NA,NA,NA
Bush,South Carolina,63100,59100,-4000,-0.06339144215530904,Republican,61623.75,63100,76780,63100,2001-01-01,NA,NA,NA,NA
Bush,South Carolina,63100,59100,-4000,-0.06339144215530904,Republican,61623.75,63100,76780,62450,2002-01-01,NA,NA,NA,NA
Bush,South Carolina,63100,59100,-4000,-0.06339144215530904,Republican,61623.75,63100,76780,62250,2003-01-01,NA,NA,NA,NA
Bush,South Carolina,63100,59100,-4000,-0.06339144215530904,Republican,61623.75,63100,76780,61070,2004-01-01,NA,NA,NA,NA
Bush,South Carolina,63100,59100,-4000,-0.06339144215530904,Republican,61623.75,63100,76780,61710,2005-01-01,NA,NA,NA,NA
Bush,South Carolina,63100,59100,-4000,-0.06339144215530904,Republican,61623.75,63100,76780,59050,2006-01-01,NA,NA,NA,NA
Bush,South Carolina,63100,59100,-4000,-0.06339144215530904,Republican,61623.75,63100,76780,64260,2007-01-01,NA,NA,NA,NA
Bush,South Carolina,63100,59100,-4000,-0.06339144215530904,Republican,61623.75,63100,76780,59100,2008-01-01,NA,NA,NA,NA
Bush,South Dakota,66330,72340,6010,0.09060756821950852,Republican,66425,66330,79850,66330,2001-01-01,NA,NA,NA,NA
Bush,South Dakota,66330,72340,6010,0.09060756821950852,Republican,66425,66330,79850,62550,2002-01-01,NA,NA,NA,NA
Bush,South Dakota,66330,72340,6010,0.09060756821950852,Republican,66425,66330,79850,63940,2003-01-01,NA,NA,NA,NA
Bush,South Dakota,66330,72340,6010,0.09060756821950852,Republican,66425,66330,79850,64880,2004-01-01,NA,NA,NA,NA
Bush,South Dakota,66330,72340,6010,0.09060756821950852,Republican,66425,66330,79850,66190,2005-01-01,NA,NA,NA,NA
Bush,South Dakota,66330,72340,6010,0.09060756821950852,Republican,66425,66330,79850,67710,2006-01-01,NA,NA,NA,NA
Bush,South Dakota,66330,72340,6010,0.09060756821950852,Republican,66425,66330,79850,67460,2007-01-01,NA,NA,NA,NA
Bush,South Dakota,66330,72340,6010,0.09060756821950852,Republican,66425,66330,79850,72340,2008-01-01,NA,NA,NA,NA
Bush,Texas,68320,65180,-3140,-0.04596018735362998,Republican,65462.5,68320,81490,68320,2001-01-01,NA,NA,NA,NA
Bush,Texas,68320,65180,-3140,-0.04596018735362998,Republican,65462.5,68320,81490,66310,2002-01-01,NA,NA,NA,NA
Bush,Texas,68320,65180,-3140,-0.04596018735362998,Republican,65462.5,68320,81490,63530,2003-01-01,NA,NA,NA,NA
Bush,Texas,68320,65180,-3140,-0.04596018735362998,Republican,65462.5,68320,81490,65340,2004-01-01,NA,NA,NA,NA
Bush,Texas,68320,65180,-3140,-0.04596018735362998,Republican,65462.5,68320,81490,63540,2005-01-01,NA,NA,NA,NA
Bush,Texas,68320,65180,-3140,-0.04596018735362998,Republican,65462.5,68320,81490,64550,2006-01-01,NA,NA,NA,NA
Bush,Texas,68320,65180,-3140,-0.04596018735362998,Republican,65462.5,68320,81490,66930,2007-01-01,NA,NA,NA,NA
Bush,Texas,68320,65180,-3140,-0.04596018735362998,Republican,65462.5,68320,81490,65180,2008-01-01,NA,NA,NA,NA
Bush,Utah,79160,87670,8510,0.10750378979282466,Republican,81148.75,79160,104000,79160,2001-01-01,NA,NA,NA,NA
Bush,Utah,79160,87670,8510,0.10750378979282466,Republican,81148.75,79160,104000,79040,2002-01-01,NA,NA,NA,NA
Bush,Utah,79160,87670,8510,0.10750378979282466,Republican,81148.75,79160,104000,79720,2003-01-01,NA,NA,NA,NA
Bush,Utah,79160,87670,8510,0.10750378979282466,Republican,81148.75,79160,104000,80290,2004-01-01,NA,NA,NA,NA
Bush,Utah,79160,87670,8510,0.10750378979282466,Republican,81148.75,79160,104000,84080,2005-01-01,NA,NA,NA,NA
Bush,Utah,79160,87670,8510,0.10750378979282466,Republican,81148.75,79160,104000,81430,2006-01-01,NA,NA,NA,NA
Bush,Utah,79160,87670,8510,0.10750378979282466,Republican,81148.75,79160,104000,77800,2007-01-01,NA,NA,NA,NA
Bush,Utah,79160,87670,8510,0.10750378979282466,Republican,81148.75,79160,104000,87670,2008-01-01,NA,NA,NA,NA
Bush,Vermont,68210,71090,2880,0.04222254801348776,Democrat,72390,68210,85260,68210,2001-01-01,NA,NA,NA,NA
Bush,Vermont,68210,71090,2880,0.04222254801348776,Democrat,72390,68210,85260,71010,2002-01-01,NA,NA,NA,NA
Bush,Vermont,68210,71090,2880,0.04222254801348776,Democrat,72390,68210,85260,69990,2003-01-01,NA,NA,NA,NA
Bush,Vermont,68210,71090,2880,0.04222254801348776,Democrat,72390,68210,85260,74700,2004-01-01,NA,NA,NA,NA
Bush,Vermont,68210,71090,2880,0.04222254801348776,Democrat,72390,68210,85260,77770,2005-01-01,NA,NA,NA,NA
Bush,Vermont,68210,71090,2880,0.04222254801348776,Democrat,72390,68210,85260,77480,2006-01-01,NA,NA,NA,NA
Bush,Vermont,68210,71090,2880,0.04222254801348776,Democrat,72390,68210,85260,68870,2007-01-01,NA,NA,NA,NA
Bush,Vermont,68210,71090,2880,0.04222254801348776,Democrat,72390,68210,85260,71090,2008-01-01,NA,NA,NA,NA
Bush,Washington,71050,79390,8340,0.11738212526389866,Democrat,78046.25,71050,97500,71050,2001-01-01,NA,NA,NA,NA
Bush,Washington,71050,79390,8340,0.11738212526389866,Democrat,78046.25,71050,97500,74620,2002-01-01,NA,NA,NA,NA
Bush,Washington,71050,79390,8340,0.11738212526389866,Democrat,78046.25,71050,97500,76860,2003-01-01,NA,NA,NA,NA
Bush,Washington,71050,79390,8340,0.11738212526389866,Democrat,78046.25,71050,97500,78790,2004-01-01,NA,NA,NA,NA
Bush,Washington,71050,79390,8340,0.11738212526389866,Democrat,78046.25,71050,97500,77680,2005-01-01,NA,NA,NA,NA
Bush,Washington,71050,79390,8340,0.11738212526389866,Democrat,78046.25,71050,97500,81570,2006-01-01,NA,NA,NA,NA
Bush,Washington,71050,79390,8340,0.11738212526389866,Democrat,78046.25,71050,97500,84410,2007-01-01,NA,NA,NA,NA
Bush,Washington,71050,79390,8340,0.11738212526389866,Democrat,78046.25,71050,97500,79390,2008-01-01,NA,NA,NA,NA
Bush,West Virginia,49620,53260,3640,0.07335751713018944,Republican,53922.5,49620,63150,49620,2001-01-01,NA,NA,NA,NA
Bush,West Virginia,49620,53260,3640,0.07335751713018944,Republican,53922.5,49620,63150,48490,2002-01-01,NA,NA,NA,NA
Bush,West Virginia,49620,53260,3640,0.07335751713018944,Republican,53922.5,49620,63150,53000,2003-01-01,NA,NA,NA,NA
Bush,West Virginia,49620,53260,3640,0.07335751713018944,Republican,53922.5,49620,63150,52670,2004-01-01,NA,NA,NA,NA
Bush,West Virginia,49620,53260,3640,0.07335751713018944,Republican,53922.5,49620,63150,55900,2005-01-01,NA,NA,NA,NA
Bush,West Virginia,49620,53260,3640,0.07335751713018944,Republican,53922.5,49620,63150,57270,2006-01-01,NA,NA,NA,NA
Bush,West Virginia,49620,53260,3640,0.07335751713018944,Republican,53922.5,49620,63150,61170,2007-01-01,NA,NA,NA,NA
Bush,West Virginia,49620,53260,3640,0.07335751713018944,Republican,53922.5,49620,63150,53260,2008-01-01,NA,NA,NA,NA
Bush,Wyoming,66410,74770,8360,0.12588465592531245,Republican,69612.5,66410,78680,66410,2001-01-01,NA,NA,NA,NA
Bush,Wyoming,66410,74770,8360,0.12588465592531245,Republican,69612.5,66410,78680,65670,2002-01-01,NA,NA,NA,NA
Bush,Wyoming,66410,74770,8360,0.12588465592531245,Republican,69612.5,66410,78680,68850,2003-01-01,NA,NA,NA,NA
Bush,Wyoming,66410,74770,8360,0.12588465592531245,Republican,69612.5,66410,78680,71650,2004-01-01,NA,NA,NA,NA
Bush,Wyoming,66410,74770,8360,0.12588465592531245,Republican,69612.5,66410,78680,68590,2005-01-01,NA,NA,NA,NA
Bush,Wyoming,66410,74770,8360,0.12588465592531245,Republican,69612.5,66410,78680,70120,2006-01-01,NA,NA,NA,NA
Bush,Wyoming,66410,74770,8360,0.12588465592531245,Republican,69612.5,66410,78680,70840,2007-01-01,NA,NA,NA,NA
Bush,Wyoming,66410,74770,8360,0.12588465592531245,Republican,69612.5,66410,78680,74770,2008-01-01,NA,NA,NA,NA
Obama,Alabama,56280,60290,4010,0.07125088841506752,Republican,57715,58790,65560,56280,2009-01-01,NA,NA,NA,NA
Obama,Alabama,56280,60290,4010,0.07125088841506752,Republican,57715,58790,65560,56840,2010-01-01,NA,NA,NA,NA
Obama,Alabama,56280,60290,4010,0.07125088841506752,Republican,57715,58790,65560,57360,2011-01-01,NA,NA,NA,NA
Obama,Alabama,56280,60290,4010,0.07125088841506752,Republican,57715,58790,65560,57430,2012-01-01,NA,NA,NA,NA
Obama,Alabama,56280,60290,4010,0.07125088841506752,Republican,57715,58790,65560,61770,2013-01-01,NA,NA,NA,NA
Obama,Alabama,56280,60290,4010,0.07125088841506752,Republican,57715,58790,65560,54420,2014-01-01,NA,NA,NA,NA
Obama,Alabama,56280,60290,4010,0.07125088841506752,Republican,57715,58790,65560,57330,2015-01-01,NA,NA,NA,NA
Obama,Alabama,56280,60290,4010,0.07125088841506752,Republican,57715,58790,65560,60290,2016-01-01,NA,NA,NA,NA
Obama,Alaska,86710,96680,9970,0.11498097105293507,Republican,87941.25,95920,91260,86710,2009-01-01,NA,NA,NA,NA
Obama,Alaska,86710,96680,9970,0.11498097105293507,Republican,87941.25,95920,91260,80320,2010-01-01,NA,NA,NA,NA
Obama,Alaska,86710,96680,9970,0.11498097105293507,Republican,87941.25,95920,91260,77340,2011-01-01,NA,NA,NA,NA
Obama,Alaska,86710,96680,9970,0.11498097105293507,Republican,87941.25,95920,91260,84090,2012-01-01,NA,NA,NA,NA
Obama,Alaska,86710,96680,9970,0.11498097105293507,Republican,87941.25,95920,91260,94600,2013-01-01,NA,NA,NA,NA
Obama,Alaska,86710,96680,9970,0.11498097105293507,Republican,87941.25,95920,91260,87040,2014-01-01,NA,NA,NA,NA
Obama,Alaska,86710,96680,9970,0.11498097105293507,Republican,87941.25,95920,91260,96750,2015-01-01,NA,NA,NA,NA
Obama,Alaska,86710,96680,9970,0.11498097105293507,Republican,87941.25,95920,91260,96680,2016-01-01,NA,NA,NA,NA
Obama,Arkansas,51430,58610,7180,0.139607233132413,Republican,54392.5,55750,64840,51430,2009-01-01,NA,NA,NA,NA
Obama,Arkansas,51430,58610,7180,0.139607233132413,Republican,54392.5,55750,64840,53580,2010-01-01,NA,NA,NA,NA
Obama,Arkansas,51430,58610,7180,0.139607233132413,Republican,54392.5,55750,64840,55620,2011-01-01,NA,NA,NA,NA
Obama,Arkansas,51430,58610,7180,0.139607233132413,Republican,54392.5,55750,64840,51550,2012-01-01,NA,NA,NA,NA
Obama,Arkansas,51430,58610,7180,0.139607233132413,Republican,54392.5,55750,64840,51400,2013-01-01,NA,NA,NA,NA
Obama,Arkansas,51430,58610,7180,0.139607233132413,Republican,54392.5,55750,64840,57820,2014-01-01,NA,NA,NA,NA
Obama,Arkansas,51430,58610,7180,0.139607233132413,Republican,54392.5,55750,64840,55130,2015-01-01,NA,NA,NA,NA
Obama,Arkansas,51430,58610,7180,0.139607233132413,Republican,54392.5,55750,64840,58610,2016-01-01,NA,NA,NA,NA
Obama,California,79010,85080,6070,0.07682571826351095,Democrat,78231.25,79030,100600,79010,2009-01-01,NA,NA,NA,NA
Obama,California,79010,85080,6070,0.07682571826351095,Democrat,78231.25,79030,100600,75370,2010-01-01,NA,NA,NA,NA
Obama,California,79010,85080,6070,0.07682571826351095,Democrat,78231.25,79030,100600,71870,2011-01-01,NA,NA,NA,NA
Obama,California,79010,85080,6070,0.07682571826351095,Democrat,78231.25,79030,100600,75340,2012-01-01,NA,NA,NA,NA
Obama,California,79010,85080,6070,0.07682571826351095,Democrat,78231.25,79030,100600,79360,2013-01-01,NA,NA,NA,NA
Obama,California,79010,85080,6070,0.07682571826351095,Democrat,78231.25,79030,100600,77850,2014-01-01,NA,NA,NA,NA
Obama,California,79010,85080,6070,0.07682571826351095,Democrat,78231.25,79030,100600,81970,2015-01-01,NA,NA,NA,NA
Obama,California,79010,85080,6070,0.07682571826351095,Democrat,78231.25,79030,100600,85080,2016-01-01,NA,NA,NA,NA
Obama,Delaware,73350,74110,760,0.0103612815269257,Democrat,72685,82940,85860,73350,2009-01-01,NA,NA,NA,NA
Obama,Delaware,73350,74110,760,0.0103612815269257,Democrat,72685,82940,85860,76670,2010-01-01,NA,NA,NA,NA
Obama,Delaware,73350,74110,760,0.0103612815269257,Democrat,72685,82940,85860,73610,2011-01-01,NA,NA,NA,NA
Obama,Delaware,73350,74110,760,0.0103612815269257,Democrat,72685,82940,85860,64700,2012-01-01,NA,NA,NA,NA
Obama,Delaware,73350,74110,760,0.0103612815269257,Democrat,72685,82940,85860,70610,2013-01-01,NA,NA,NA,NA
Obama,Delaware,73350,74110,760,0.0103612815269257,Democrat,72685,82940,85860,74040,2014-01-01,NA,NA,NA,NA
Obama,Delaware,73350,74110,760,0.0103612815269257,Democrat,72685,82940,85860,74390,2015-01-01,NA,NA,NA,NA
Obama,Delaware,73350,74110,760,0.0103612815269257,Democrat,72685,82940,85860,74110,2016-01-01,NA,NA,NA,NA
Obama,District of Columbia,74800,90620,15820,0.21149732620320855,Democrat,82701.25,68840,104800,74800,2009-01-01,NA,NA,NA,NA
Obama,District of Columbia,74800,90620,15820,0.21149732620320855,Democrat,82701.25,68840,104800,79050,2010-01-01,NA,NA,NA,NA
Obama,District of Columbia,74800,90620,15820,0.21149732620320855,Democrat,82701.25,68840,104800,74410,2011-01-01,NA,NA,NA,NA
Obama,District of Columbia,74800,90620,15820,0.21149732620320855,Democrat,82701.25,68840,104800,86200,2012-01-01,NA,NA,NA,NA
Obama,District of Columbia,74800,90620,15820,0.21149732620320855,Democrat,82701.25,68840,104800,78400,2013-01-01,NA,NA,NA,NA
Obama,District of Columbia,74800,90620,15820,0.21149732620320855,Democrat,82701.25,68840,104800,87880,2014-01-01,NA,NA,NA,NA
Obama,District of Columbia,74800,90620,15820,0.21149732620320855,Democrat,82701.25,68840,104800,90250,2015-01-01,NA,NA,NA,NA
Obama,District of Columbia,74800,90620,15820,0.21149732620320855,Democrat,82701.25,68840,104800,90620,2016-01-01,NA,NA,NA,NA
Obama,Hawaii,78330,92090,13760,0.17566704966168772,Democrat,83196.25,79320,98240,78330,2009-01-01,NA,NA,NA,NA
Obama,Hawaii,78330,92090,13760,0.17566704966168772,Democrat,83196.25,79320,98240,82670,2010-01-01,NA,NA,NA,NA
Obama,Hawaii,78330,92090,13760,0.17566704966168772,Democrat,83196.25,79320,98240,79520,2011-01-01,NA,NA,NA,NA
Obama,Hawaii,78330,92090,13760,0.17566704966168772,Democrat,83196.25,79320,98240,74340,2012-01-01,NA,NA,NA,NA
Obama,Hawaii,78330,92090,13760,0.17566704966168772,Democrat,83196.25,79320,98240,83850,2013-01-01,NA,NA,NA,NA
Obama,Hawaii,78330,92090,13760,0.17566704966168772,Democrat,83196.25,79320,98240,91670,2014-01-01,NA,NA,NA,NA
Obama,Hawaii,78330,92090,13760,0.17566704966168772,Democrat,83196.25,79320,98240,83100,2015-01-01,NA,NA,NA,NA
Obama,Hawaii,78330,92090,13760,0.17566704966168772,Democrat,83196.25,79320,98240,92090,2016-01-01,NA,NA,NA,NA
Obama,Idaho,65840,72220,6380,0.09690157958687728,Republican,66145,63940,81650,65840,2009-01-01,NA,NA,NA,NA
Obama,Idaho,65840,72220,6380,0.09690157958687728,Republican,66145,63940,81650,65330,2010-01-01,NA,NA,NA,NA
Obama,Idaho,65840,72220,6380,0.09690157958687728,Republican,66145,63940,81650,63910,2011-01-01,NA,NA,NA,NA
Obama,Idaho,65840,72220,6380,0.09690157958687728,Republican,66145,63940,81650,63320,2012-01-01,NA,NA,NA,NA
Obama,Idaho,65840,72220,6380,0.09690157958687728,Republican,66145,63940,81650,63270,2013-01-01,NA,NA,NA,NA
Obama,Idaho,65840,72220,6380,0.09690157958687728,Republican,66145,63940,81650,68780,2014-01-01,NA,NA,NA,NA
Obama,Idaho,65840,72220,6380,0.09690157958687728,Republican,66145,63940,81650,66490,2015-01-01,NA,NA,NA,NA
Obama,Idaho,65840,72220,6380,0.09690157958687728,Republican,66145,63940,81650,72220,2016-01-01,NA,NA,NA,NA
Obama,Illinois,74420,78370,3950,0.05307712980381618,Democrat,72335,77200,84210,74420,2009-01-01,NA,NA,NA,NA
Obama,Illinois,74420,78370,3950,0.05307712980381618,Democrat,72335,77200,84210,70440,2010-01-01,NA,NA,NA,NA
Obama,Illinois,74420,78370,3950,0.05307712980381618,Democrat,72335,77200,84210,68190,2011-01-01,NA,NA,NA,NA
Obama,Illinois,74420,78370,3950,0.05307712980381618,Democrat,72335,77200,84210,68360,2012-01-01,NA,NA,NA,NA
Obama,Illinois,74420,78370,3950,0.05307712980381618,Democrat,72335,77200,84210,70410,2013-01-01,NA,NA,NA,NA
Obama,Illinois,74420,78370,3950,0.05307712980381618,Democrat,72335,77200,84210,70680,2014-01-01,NA,NA,NA,NA
Obama,Illinois,74420,78370,3950,0.05307712980381618,Democrat,72335,77200,84210,77810,2015-01-01,NA,NA,NA,NA
Obama,Illinois,74420,78370,3950,0.05307712980381618,Democrat,72335,77200,84210,78370,2016-01-01,NA,NA,NA,NA
Obama,Kansas,62940,72530,9590,0.15236733396885924,Republican,66188.75,69250,87690,62940,2009-01-01,NA,NA,NA,NA
Obama,Kansas,62940,72530,9590,0.15236733396885924,Republican,66188.75,69250,87690,63950,2010-01-01,NA,NA,NA,NA
Obama,Kansas,62940,72530,9590,0.15236733396885924,Republican,66188.75,69250,87690,62150,2011-01-01,NA,NA,NA,NA
Obama,Kansas,62940,72530,9590,0.15236733396885924,Republican,66188.75,69250,87690,66060,2012-01-01,NA,NA,NA,NA
Obama,Kansas,62940,72530,9590,0.15236733396885924,Republican,66188.75,69250,87690,62420,2013-01-01,NA,NA,NA,NA
Obama,Kansas,62940,72530,9590,0.15236733396885924,Republican,66188.75,69250,87690,68790,2014-01-01,NA,NA,NA,NA
Obama,Kansas,62940,72530,9590,0.15236733396885924,Republican,66188.75,69250,87690,70670,2015-01-01,NA,NA,NA,NA
Obama,Kansas,62940,72530,9590,0.15236733396885924,Republican,66188.75,69250,87690,72530,2016-01-01,NA,NA,NA,NA
Obama,Kentucky,60050,57920,-2130,-0.03547044129891757,Republican,56405,64270,64790,60050,2009-01-01,NA,NA,NA,NA
Obama,Kentucky,60050,57920,-2130,-0.03547044129891757,Republican,56405,64270,64790,57070,2010-01-01,NA,NA,NA,NA
Obama,Kentucky,60050,57920,-2130,-0.03547044129891757,Republican,56405,64270,64790,53670,2011-01-01,NA,NA,NA,NA
Obama,Kentucky,60050,57920,-2130,-0.03547044129891757,Republican,56405,64270,64790,54280,2012-01-01,NA,NA,NA,NA
Obama,Kentucky,60050,57920,-2130,-0.03547044129891757,Republican,56405,64270,64790,58580,2013-01-01,NA,NA,NA,NA
Obama,Kentucky,60050,57920,-2130,-0.03547044129891757,Republican,56405,64270,64790,55070,2014-01-01,NA,NA,NA,NA
Obama,Kentucky,60050,57920,-2130,-0.03547044129891757,Republican,56405,64270,64790,54600,2015-01-01,NA,NA,NA,NA
Obama,Kentucky,60050,57920,-2130,-0.03547044129891757,Republican,56405,64270,64790,57920,2016-01-01,NA,NA,NA,NA
Obama,Louisiana,63950,53870,-10080,-0.15762314308053166,Republican,56638.75,55720,60740,63950,2009-01-01,NA,NA,NA,NA
Obama,Louisiana,63950,53870,-10080,-0.15762314308053166,Republican,56638.75,55720,60740,54570,2010-01-01,NA,NA,NA,NA
Obama,Louisiana,63950,53870,-10080,-0.15762314308053166,Republican,56638.75,55720,60740,54750,2011-01-01,NA,NA,NA,NA
Obama,Louisiana,63950,53870,-10080,-0.15762314308053166,Republican,56638.75,55720,60740,51640,2012-01-01,NA,NA,NA,NA
Obama,Louisiana,63950,53870,-10080,-0.15762314308053166,Republican,56638.75,55720,60740,60600,2013-01-01,NA,NA,NA,NA
Obama,Louisiana,63950,53870,-10080,-0.15762314308053166,Republican,56638.75,55720,60740,54580,2014-01-01,NA,NA,NA,NA
Obama,Louisiana,63950,53870,-10080,-0.15762314308053166,Republican,56638.75,55720,60740,59150,2015-01-01,NA,NA,NA,NA
Obama,Louisiana,63950,53870,-10080,-0.15762314308053166,Republican,56638.75,55720,60740,53870,2016-01-01,NA,NA,NA,NA
Obama,Maine,66860,64930,-1930,-0.028866287765480107,Democrat,66736.25,61220,90730,66860,2009-01-01,NA,NA,NA,NA
Obama,Maine,66860,64930,-1930,-0.028866287765480107,Democrat,66736.25,61220,90730,66550,2010-01-01,NA,NA,NA,NA
Obama,Maine,66860,64930,-1930,-0.028866287765480107,Democrat,66736.25,61220,90730,66920,2011-01-01,NA,NA,NA,NA
Obama,Maine,66860,64930,-1930,-0.028866287765480107,Democrat,66736.25,61220,90730,64950,2012-01-01,NA,NA,NA,NA
Obama,Maine,66860,64930,-1930,-0.028866287765480107,Democrat,66736.25,61220,90730,71740,2013-01-01,NA,NA,NA,NA
Obama,Maine,66860,64930,-1930,-0.028866287765480107,Democrat,66736.25,61220,90730,66560,2014-01-01,NA,NA,NA,NA
Obama,Maine,66860,64930,-1930,-0.028866287765480107,Democrat,66736.25,61220,90730,65380,2015-01-01,NA,NA,NA,NA
Obama,Maine,66860,64930,-1930,-0.028866287765480107,Democrat,66736.25,61220,90730,64930,2016-01-01,NA,NA,NA,NA
Obama,Maryland,90350,94170,3820,0.04228002213613724,Democrat,93086.25,89510,109700,90350,2009-01-01,NA,NA,NA,NA
Obama,Maryland,90350,94170,3820,0.04228002213613724,Democrat,93086.25,89510,109700,89150,2010-01-01,NA,NA,NA,NA
Obama,Maryland,90350,94170,3820,0.04228002213613724,Democrat,93086.25,89510,109700,92760,2011-01-01,NA,NA,NA,NA
Obama,Maryland,90350,94170,3820,0.04228002213613724,Democrat,93086.25,89510,109700,94910,2012-01-01,NA,NA,NA,NA
Obama,Maryland,90350,94170,3820,0.04228002213613724,Democrat,93086.25,89510,109700,90530,2013-01-01,NA,NA,NA,NA
Obama,Maryland,90350,94170,3820,0.04228002213613724,Democrat,93086.25,89510,109700,98030,2014-01-01,NA,NA,NA,NA
Obama,Maryland,90350,94170,3820,0.04228002213613724,Democrat,93086.25,89510,109700,94790,2015-01-01,NA,NA,NA,NA
Obama,Maryland,90350,94170,3820,0.04228002213613724,Democrat,93086.25,89510,109700,94170,2016-01-01,NA,NA,NA,NA
Obama,Massachusetts,83570,92260,8690,0.10398468349886322,Democrat,85013.75,87370,113900,83570,2009-01-01,NA,NA,NA,NA
Obama,Massachusetts,83570,92260,8690,0.10398468349886322,Democrat,85013.75,87370,113900,84610,2010-01-01,NA,NA,NA,NA
Obama,Massachusetts,83570,92260,8690,0.10398468349886322,Democrat,85013.75,87370,113900,85260,2011-01-01,NA,NA,NA,NA
Obama,Massachusetts,83570,92260,8690,0.10398468349886322,Democrat,85013.75,87370,113900,84100,2012-01-01,NA,NA,NA,NA
Obama,Massachusetts,83570,92260,8690,0.10398468349886322,Democrat,85013.75,87370,113900,81620,2013-01-01,NA,NA,NA,NA
Obama,Massachusetts,83570,92260,8690,0.10398468349886322,Democrat,85013.75,87370,113900,81280,2014-01-01,NA,NA,NA,NA
Obama,Massachusetts,83570,92260,8690,0.10398468349886322,Democrat,85013.75,87370,113900,87410,2015-01-01,NA,NA,NA,NA
Obama,Massachusetts,83570,92260,8690,0.10398468349886322,Democrat,85013.75,87370,113900,92260,2016-01-01,NA,NA,NA,NA
Obama,Minnesota,78950,89650,10700,0.13552881570614314,Democrat,82476.25,88090,92350,78950,2009-01-01,NA,NA,NA,NA
Obama,Minnesota,78950,89650,10700,0.13552881570614314,Democrat,82476.25,88090,92350,72650,2010-01-01,NA,NA,NA,NA
Obama,Minnesota,78950,89650,10700,0.13552881570614314,Democrat,82476.25,88090,92350,77870,2011-01-01,NA,NA,NA,NA
Obama,Minnesota,78950,89650,10700,0.13552881570614314,Democrat,82476.25,88090,92350,81640,2012-01-01,NA,NA,NA,NA
Obama,Minnesota,78950,89650,10700,0.13552881570614314,Democrat,82476.25,88090,92350,83970,2013-01-01,NA,NA,NA,NA
Obama,Minnesota,78950,89650,10700,0.13552881570614314,Democrat,82476.25,88090,92350,86550,2014-01-01,NA,NA,NA,NA
Obama,Minnesota,78950,89650,10700,0.13552881570614314,Democrat,82476.25,88090,92350,88530,2015-01-01,NA,NA,NA,NA
Obama,Minnesota,78950,89650,10700,0.13552881570614314,Democrat,82476.25,88090,92350,89650,2016-01-01,NA,NA,NA,NA
Obama,Mississippi,49380,52470,3090,0.06257594167679223,Republican,49761.25,50430,55980,49380,2009-01-01,NA,NA,NA,NA
Obama,Mississippi,49380,52470,3090,0.06257594167679223,Republican,49761.25,50430,55980,52990,2010-01-01,NA,NA,NA,NA
Obama,Mississippi,49380,52470,3090,0.06257594167679223,Republican,49761.25,50430,55980,55340,2011-01-01,NA,NA,NA,NA
Obama,Mississippi,49380,52470,3090,0.06257594167679223,Republican,49761.25,50430,55980,48410,2012-01-01,NA,NA,NA,NA
Obama,Mississippi,49380,52470,3090,0.06257594167679223,Republican,49761.25,50430,55980,42210,2013-01-01,NA,NA,NA,NA
Obama,Mississippi,49380,52470,3090,0.06257594167679223,Republican,49761.25,50430,55980,45720,2014-01-01,NA,NA,NA,NA
Obama,Mississippi,49380,52470,3090,0.06257594167679223,Republican,49761.25,50430,55980,51570,2015-01-01,NA,NA,NA,NA
Obama,Mississippi,49380,52470,3090,0.06257594167679223,Republican,49761.25,50430,55980,52470,2016-01-01,NA,NA,NA,NA
Obama,Missouri,68650,70240,1590,0.02316096139839767,Republican,67435,69120,78390,68650,2009-01-01,NA,NA,NA,NA
Obama,Missouri,68650,70240,1590,0.02316096139839767,Republican,67435,69120,78390,63620,2010-01-01,NA,NA,NA,NA
Obama,Missouri,68650,70240,1590,0.02316096139839767,Republican,67435,69120,78390,61640,2011-01-01,NA,NA,NA,NA
Obama,Missouri,68650,70240,1590,0.02316096139839767,Republican,67435,69120,78390,65750,2012-01-01,NA,NA,NA,NA
Obama,Missouri,68650,70240,1590,0.02316096139839767,Republican,67435,69120,78390,60440,2013-01-01,NA,NA,NA,NA
Obama,Missouri,68650,70240,1590,0.02316096139839767,Republican,67435,69120,78390,72890,2014-01-01,NA,NA,NA,NA
Obama,Missouri,68650,70240,1590,0.02316096139839767,Republican,67435,69120,78390,76250,2015-01-01,NA,NA,NA,NA
Obama,Missouri,68650,70240,1590,0.02316096139839767,Republican,67435,69120,78390,70240,2016-01-01,NA,NA,NA,NA
Obama,Montana,56920,72870,15950,0.2802178496134926,Republican,61160,53720,81920,56920,2009-01-01,NA,NA,NA,NA
Obama,Montana,56920,72870,15950,0.2802178496134926,Republican,61160,53720,81920,57320,2010-01-01,NA,NA,NA,NA
Obama,Montana,56920,72870,15950,0.2802178496134926,Republican,61160,53720,81920,54240,2011-01-01,NA,NA,NA,NA
Obama,Montana,56920,72870,15950,0.2802178496134926,Republican,61160,53720,81920,59570,2012-01-01,NA,NA,NA,NA
Obama,Montana,56920,72870,15950,0.2802178496134926,Republican,61160,53720,81920,56390,2013-01-01,NA,NA,NA,NA
Obama,Montana,56920,72870,15950,0.2802178496134926,Republican,61160,53720,81920,65770,2014-01-01,NA,NA,NA,NA
Obama,Montana,56920,72870,15950,0.2802178496134926,Republican,61160,53720,81920,66200,2015-01-01,NA,NA,NA,NA
Obama,Montana,56920,72870,15950,0.2802178496134926,Republican,61160,53720,81920,72870,2016-01-01,NA,NA,NA,NA
Obama,Nebraska,69810,75800,5990,0.08580432602778972,Republican,73585,72920,86140,69810,2009-01-01,NA,NA,NA,NA
Obama,Nebraska,69810,75800,5990,0.08580432602778972,Republican,73585,72920,86140,72900,2010-01-01,NA,NA,NA,NA
Obama,Nebraska,69810,75800,5990,0.08580432602778972,Republican,73585,72920,86140,74900,2011-01-01,NA,NA,NA,NA
Obama,Nebraska,69810,75800,5990,0.08580432602778972,Republican,73585,72920,86140,68960,2012-01-01,NA,NA,NA,NA
Obama,Nebraska,69810,75800,5990,0.08580432602778972,Republican,73585,72920,86140,75220,2013-01-01,NA,NA,NA,NA
Obama,Nebraska,69810,75800,5990,0.08580432602778972,Republican,73585,72920,86140,73200,2014-01-01,NA,NA,NA,NA
Obama,Nebraska,69810,75800,5990,0.08580432602778972,Republican,73585,72920,86140,77890,2015-01-01,NA,NA,NA,NA
Obama,Nebraska,69810,75800,5990,0.08580432602778972,Republican,73585,72920,86140,75800,2016-01-01,NA,NA,NA,NA
Obama,New Jersey,91180,87410,-3770,-0.04134678657600351,Democrat,86665,86570,103500,91180,2009-01-01,NA,NA,NA,NA
Obama,New Jersey,91180,87410,-3770,-0.04134678657600351,Democrat,86665,86570,103500,87430,2010-01-01,NA,NA,NA,NA
Obama,New Jersey,91180,87410,-3770,-0.04134678657600351,Democrat,86665,86570,103500,83950,2011-01-01,NA,NA,NA,NA
Obama,New Jersey,91180,87410,-3770,-0.04134678657600351,Democrat,86665,86570,103500,88110,2012-01-01,NA,NA,NA,NA
Obama,New Jersey,91180,87410,-3770,-0.04134678657600351,Democrat,86665,86570,103500,83220,2013-01-01,NA,NA,NA,NA
Obama,New Jersey,91180,87410,-3770,-0.04134678657600351,Democrat,86665,86570,103500,83970,2014-01-01,NA,NA,NA,NA
Obama,New Jersey,91180,87410,-3770,-0.04134678657600351,Democrat,86665,86570,103500,88050,2015-01-01,NA,NA,NA,NA
Obama,New Jersey,91180,87410,-3770,-0.04134678657600351,Democrat,86665,86570,103500,87410,2016-01-01,NA,NA,NA,NA
Obama,New York,70680,78440,7760,0.10979060554612337,Democrat,69908.75,70420,86830,70680,2009-01-01,NA,NA,NA,NA
Obama,New York,70680,78440,7760,0.10979060554612337,Democrat,69908.75,70420,86830,69120,2010-01-01,NA,NA,NA,NA
Obama,New York,70680,78440,7760,0.10979060554612337,Democrat,69908.75,70420,86830,68190,2011-01-01,NA,NA,NA,NA
Obama,New York,70680,78440,7760,0.10979060554612337,Democrat,69908.75,70420,86830,63000,2012-01-01,NA,NA,NA,NA
Obama,New York,70680,78440,7760,0.10979060554612337,Democrat,69908.75,70420,86830,65230,2013-01-01,NA,NA,NA,NA
Obama,New York,70680,78440,7760,0.10979060554612337,Democrat,69908.75,70420,86830,69900,2014-01-01,NA,NA,NA,NA
Obama,New York,70680,78440,7760,0.10979060554612337,Democrat,69908.75,70420,86830,74710,2015-01-01,NA,NA,NA,NA
Obama,New York,70680,78440,7760,0.10979060554612337,Democrat,69908.75,70420,86830,78440,2016-01-01,NA,NA,NA,NA
Obama,North Dakota,70480,76840,6360,0.09023836549375709,Republican,74631.25,59850,88080,70480,2009-01-01,NA,NA,NA,NA
Obama,North Dakota,70480,76840,6360,0.09023836549375709,Republican,74631.25,59850,88080,70820,2010-01-01,NA,NA,NA,NA
Obama,North Dakota,70480,76840,6360,0.09023836549375709,Republican,74631.25,59850,88080,75900,2011-01-01,NA,NA,NA,NA
Obama,North Dakota,70480,76840,6360,0.09023836549375709,Republican,74631.25,59850,88080,73680,2012-01-01,NA,NA,NA,NA
Obama,North Dakota,70480,76840,6360,0.09023836549375709,Republican,74631.25,59850,88080,77220,2013-01-01,NA,NA,NA,NA
Obama,North Dakota,70480,76840,6360,0.09023836549375709,Republican,74631.25,59850,88080,78160,2014-01-01,NA,NA,NA,NA
Obama,North Dakota,70480,76840,6360,0.09023836549375709,Republican,74631.25,59850,88080,73950,2015-01-01,NA,NA,NA,NA
Obama,North Dakota,70480,76840,6360,0.09023836549375709,Republican,74631.25,59850,88080,76840,2016-01-01,NA,NA,NA,NA
Obama,Oklahoma,64580,65040,460,0.00712294828120161,Republican,62542.5,59540,65310,64580,2009-01-01,NA,NA,NA,NA
Obama,Oklahoma,64580,65040,460,0.00712294828120161,Republican,62542.5,59540,65310,59850,2010-01-01,NA,NA,NA,NA
Obama,Oklahoma,64580,65040,460,0.00712294828120161,Republican,62542.5,59540,65310,65260,2011-01-01,NA,NA,NA,NA
Obama,Oklahoma,64580,65040,460,0.00712294828120161,Republican,62542.5,59540,65310,63960,2012-01-01,NA,NA,NA,NA
Obama,Oklahoma,64580,65040,460,0.00712294828120161,Republican,62542.5,59540,65310,60260,2013-01-01,NA,NA,NA,NA
Obama,Oklahoma,64580,65040,460,0.00712294828120161,Republican,62542.5,59540,65310,60750,2014-01-01,NA,NA,NA,NA
Obama,Oklahoma,64580,65040,460,0.00712294828120161,Republican,62542.5,59540,65310,60640,2015-01-01,NA,NA,NA,NA
Obama,Oklahoma,64580,65040,460,0.00712294828120161,Republican,62542.5,59540,65310,65040,2016-01-01,NA,NA,NA,NA
Obama,Oregon,69110,75500,6390,0.09246129358992909,Democrat,71346.25,69010,89700,69110,2009-01-01,NA,NA,NA,NA
Obama,Oregon,69110,75500,6390,0.09246129358992909,Democrat,71346.25,69010,89700,70260,2010-01-01,NA,NA,NA,NA
Obama,Oregon,69110,75500,6390,0.09246129358992909,Democrat,71346.25,69010,89700,69390,2011-01-01,NA,NA,NA,NA
Obama,Oregon,69110,75500,6390,0.09246129358992909,Democrat,71346.25,69010,89700,68410,2012-01-01,NA,NA,NA,NA
Obama,Oregon,69110,75500,6390,0.09246129358992909,Democrat,71346.25,69010,89700,63960,2013-01-01,NA,NA,NA,NA
Obama,Oregon,69110,75500,6390,0.09246129358992909,Democrat,71346.25,69010,89700,75780,2014-01-01,NA,NA,NA,NA
Obama,Oregon,69110,75500,6390,0.09246129358992909,Democrat,71346.25,69010,89700,78360,2015-01-01,NA,NA,NA,NA
Obama,Oregon,69110,75500,6390,0.09246129358992909,Democrat,71346.25,69010,89700,75500,2016-01-01,NA,NA,NA,NA
Obama,Rhode Island,72680,78550,5870,0.08076499724821133,Democrat,72967.5,76450,92290,72680,2009-01-01,NA,NA,NA,NA
Obama,Rhode Island,72680,78550,5870,0.08076499724821133,Democrat,72967.5,76450,92290,71680,2010-01-01,NA,NA,NA,NA
Obama,Rhode Island,72680,78550,5870,0.08076499724821133,Democrat,72967.5,76450,92290,66030,2011-01-01,NA,NA,NA,NA
Obama,Rhode Island,72680,78550,5870,0.08076499724821133,Democrat,72967.5,76450,92290,74070,2012-01-01,NA,NA,NA,NA
Obama,Rhode Island,72680,78550,5870,0.08076499724821133,Democrat,72967.5,76450,92290,73520,2013-01-01,NA,NA,NA,NA
Obama,Rhode Island,72680,78550,5870,0.08076499724821133,Democrat,72967.5,76450,92290,75470,2014-01-01,NA,NA,NA,NA
Obama,Rhode Island,72680,78550,5870,0.08076499724821133,Democrat,72967.5,76450,92290,71740,2015-01-01,NA,NA,NA,NA
Obama,Rhode Island,72680,78550,5870,0.08076499724821133,Democrat,72967.5,76450,92290,78550,2016-01-01,NA,NA,NA,NA
Obama,South Carolina,57850,69370,11520,0.19913569576490925,Republican,59021.25,63100,76780,57850,2009-01-01,NA,NA,NA,NA
Obama,South Carolina,57850,69370,11520,0.19913569576490925,Republican,59021.25,63100,76780,57900,2010-01-01,NA,NA,NA,NA
Obama,South Carolina,57850,69370,11520,0.19913569576490925,Republican,59021.25,63100,76780,53980,2011-01-01,NA,NA,NA,NA
Obama,South Carolina,57850,69370,11520,0.19913569576490925,Republican,59021.25,63100,76780,58660,2012-01-01,NA,NA,NA,NA
Obama,South Carolina,57850,69370,11520,0.19913569576490925,Republican,59021.25,63100,76780,56870,2013-01-01,NA,NA,NA,NA
Obama,South Carolina,57850,69370,11520,0.19913569576490925,Republican,59021.25,63100,76780,57830,2014-01-01,NA,NA,NA,NA
Obama,South Carolina,57850,69370,11520,0.19913569576490925,Republican,59021.25,63100,76780,59710,2015-01-01,NA,NA,NA,NA
Obama,South Carolina,57850,69370,11520,0.19913569576490925,Republican,59021.25,63100,76780,69370,2016-01-01,NA,NA,NA,NA
Obama,South Dakota,64500,73350,8850,0.1372093023255814,Republican,67330,66330,79850,64500,2009-01-01,NA,NA,NA,NA
Obama,South Dakota,64500,73350,8850,0.1372093023255814,Republican,67330,66330,79850,62970,2010-01-01,NA,NA,NA,NA
Obama,South Dakota,64500,73350,8850,0.1372093023255814,Republican,67330,66330,79850,63600,2011-01-01,NA,NA,NA,NA
Obama,South Dakota,64500,73350,8850,0.1372093023255814,Republican,67330,66330,79850,65290,2012-01-01,NA,NA,NA,NA
Obama,South Dakota,64500,73350,8850,0.1372093023255814,Republican,67330,66330,79850,69720,2013-01-01,NA,NA,NA,NA
Obama,South Dakota,64500,73350,8850,0.1372093023255814,Republican,67330,66330,79850,68280,2014-01-01,NA,NA,NA,NA
Obama,South Dakota,64500,73350,8850,0.1372093023255814,Republican,67330,66330,79850,70930,2015-01-01,NA,NA,NA,NA
Obama,South Dakota,64500,73350,8850,0.1372093023255814,Republican,67330,66330,79850,73350,2016-01-01,NA,NA,NA,NA
Obama,Texas,66830,74240,7410,0.11087834804728415,Republican,68817.5,68320,81490,66830,2009-01-01,NA,NA,NA,NA
Obama,Texas,66830,74240,7410,0.11087834804728415,Republican,68817.5,68320,81490,65630,2010-01-01,NA,NA,NA,NA
Obama,Texas,66830,74240,7410,0.11087834804728415,Republican,68817.5,68320,81490,66050,2011-01-01,NA,NA,NA,NA
Obama,Texas,66830,74240,7410,0.11087834804728415,Republican,68817.5,68320,81490,68610,2012-01-01,NA,NA,NA,NA
Obama,Texas,66830,74240,7410,0.11087834804728415,Republican,68817.5,68320,81490,67100,2013-01-01,NA,NA,NA,NA
Obama,Texas,66830,74240,7410,0.11087834804728415,Republican,68817.5,68320,81490,69340,2014-01-01,NA,NA,NA,NA
Obama,Texas,66830,74240,7410,0.11087834804728415,Republican,68817.5,68320,81490,72740,2015-01-01,NA,NA,NA,NA
Obama,Texas,66830,74240,7410,0.11087834804728415,Republican,68817.5,68320,81490,74240,2016-01-01,NA,NA,NA,NA
Obama,Utah,82330,86150,3820,0.04639863962103729,Republican,80703.75,79160,104000,82330,2009-01-01,NA,NA,NA,NA
Obama,Utah,82330,86150,3820,0.04639863962103729,Republican,80703.75,79160,104000,78730,2010-01-01,NA,NA,NA,NA
Obama,Utah,82330,86150,3820,0.04639863962103729,Republican,80703.75,79160,104000,74730,2011-01-01,NA,NA,NA,NA
Obama,Utah,82330,86150,3820,0.04639863962103729,Republican,80703.75,79160,104000,77080,2012-01-01,NA,NA,NA,NA
Obama,Utah,82330,86150,3820,0.04639863962103729,Republican,80703.75,79160,104000,79690,2013-01-01,NA,NA,NA,NA
Obama,Utah,82330,86150,3820,0.04639863962103729,Republican,80703.75,79160,104000,81580,2014-01-01,NA,NA,NA,NA
Obama,Utah,82330,86150,3820,0.04639863962103729,Republican,80703.75,79160,104000,85340,2015-01-01,NA,NA,NA,NA
Obama,Utah,82330,86150,3820,0.04639863962103729,Republican,80703.75,79160,104000,86150,2016-01-01,NA,NA,NA,NA
Obama,Vermont,73640,77670,4030,0.05472569255839218,Democrat,76567.5,68210,85260,73640,2009-01-01,NA,NA,NA,NA
Obama,Vermont,73640,77670,4030,0.05472569255839218,Democrat,76567.5,68210,85260,77660,2010-01-01,NA,NA,NA,NA
Obama,Vermont,73640,77670,4030,0.05472569255839218,Democrat,76567.5,68210,85260,69840,2011-01-01,NA,NA,NA,NA
Obama,Vermont,73640,77670,4030,0.05472569255839218,Democrat,76567.5,68210,85260,73440,2012-01-01,NA,NA,NA,NA
Obama,Vermont,73640,77670,4030,0.05472569255839218,Democrat,76567.5,68210,85260,85520,2013-01-01,NA,NA,NA,NA
Obama,Vermont,73640,77670,4030,0.05472569255839218,Democrat,76567.5,68210,85260,78140,2014-01-01,NA,NA,NA,NA
Obama,Vermont,73640,77670,4030,0.05472569255839218,Democrat,76567.5,68210,85260,76630,2015-01-01,NA,NA,NA,NA
Obama,Vermont,73640,77670,4030,0.05472569255839218,Democrat,76567.5,68210,85260,77670,2016-01-01,NA,NA,NA,NA
Obama,Washington,85010,89770,4760,0.055993412539701214,Democrat,82195,71050,97500,85010,2009-01-01,NA,NA,NA,NA
Obama,Washington,85010,89770,4760,0.055993412539701214,Democrat,82195,71050,97500,77980,2010-01-01,NA,NA,NA,NA
Obama,Washington,85010,89770,4760,0.055993412539701214,Democrat,82195,71050,97500,76560,2011-01-01,NA,NA,NA,NA
Obama,Washington,85010,89770,4760,0.055993412539701214,Democrat,82195,71050,97500,82160,2012-01-01,NA,NA,NA,NA
Obama,Washington,85010,89770,4760,0.055993412539701214,Democrat,82195,71050,97500,83440,2013-01-01,NA,NA,NA,NA
Obama,Washington,85010,89770,4760,0.055993412539701214,Democrat,82195,71050,97500,76030,2014-01-01,NA,NA,NA,NA
Obama,Washington,85010,89770,4760,0.055993412539701214,Democrat,82195,71050,97500,86610,2015-01-01,NA,NA,NA,NA
Obama,Washington,85010,89770,4760,0.055993412539701214,Democrat,82195,71050,97500,89770,2016-01-01,NA,NA,NA,NA
Obama,West Virginia,56990,56630,-360,-0.0063168977013511145,Republican,56146.25,49620,63150,56990,2009-01-01,NA,NA,NA,NA
Obama,West Virginia,56990,56630,-360,-0.0063168977013511145,Republican,56146.25,49620,63150,59400,2010-01-01,NA,NA,NA,NA
Obama,West Virginia,56990,56630,-360,-0.0063168977013511145,Republican,56146.25,49620,63150,56320,2011-01-01,NA,NA,NA,NA
Obama,West Virginia,56990,56630,-360,-0.0063168977013511145,Republican,56146.25,49620,63150,57540,2012-01-01,NA,NA,NA,NA
Obama,West Virginia,56990,56630,-360,-0.0063168977013511145,Republican,56146.25,49620,63150,56220,2013-01-01,NA,NA,NA,NA
Obama,West Virginia,56990,56630,-360,-0.0063168977013511145,Republican,56146.25,49620,63150,50910,2014-01-01,NA,NA,NA,NA
Obama,West Virginia,56990,56630,-360,-0.0063168977013511145,Republican,56146.25,49620,63150,55160,2015-01-01,NA,NA,NA,NA
Obama,West Virginia,56990,56630,-360,-0.0063168977013511145,Republican,56146.25,49620,63150,56630,2016-01-01,NA,NA,NA,NA
Obama,Wyoming,73860,73830,-30,-4.0617384240454913e-4,Republican,75970,66410,78680,73860,2009-01-01,NA,NA,NA,NA
Obama,Wyoming,73860,73830,-30,-4.0617384240454913e-4,Republican,75970,66410,78680,72480,2010-01-01,NA,NA,NA,NA
Obama,Wyoming,73860,73830,-30,-4.0617384240454913e-4,Republican,75970,66410,78680,73410,2011-01-01,NA,NA,NA,NA
Obama,Wyoming,73860,73830,-30,-4.0617384240454913e-4,Republican,75970,66410,78680,75990,2012-01-01,NA,NA,NA,NA
Obama,Wyoming,73860,73830,-30,-4.0617384240454913e-4,Republican,75970,66410,78680,88040,2013-01-01,NA,NA,NA,NA
Obama,Wyoming,73860,73830,-30,-4.0617384240454913e-4,Republican,75970,66410,78680,71680,2014-01-01,NA,NA,NA,NA
Obama,Wyoming,73860,73830,-30,-4.0617384240454913e-4,Republican,75970,66410,78680,78470,2015-01-01,NA,NA,NA,NA
Obama,Wyoming,73860,73830,-30,-4.0617384240454913e-4,Republican,75970,66410,78680,73830,2016-01-01,NA,NA,NA,NA
Trump,Alabama,63820,65600,1780,0.027890943277969288,Republican,64737.5,58790,65560,63820,2017-01-01,NA,NA,NA,NA
Trump,Alabama,63820,65600,1780,0.027890943277969288,Republican,64737.5,58790,65560,61420,2018-01-01,NA,NA,NA,NA
Trump,Alabama,63820,65600,1780,0.027890943277969288,Republican,64737.5,58790,65560,68110,2019-01-01,NA,NA,NA,NA
Trump,Alabama,63820,65600,1780,0.027890943277969288,Republican,64737.5,58790,65560,65600,2020-01-01,NA,NA,NA,NA
Trump,Alaska,97850,89650,-8200,-0.08380173735309146,Republican,91762.5,95920,91260,97850,2017-01-01,NA,NA,NA,NA
Trump,Alaska,97850,89650,-8200,-0.08380173735309146,Republican,91762.5,95920,91260,84540,2018-01-01,NA,NA,NA,NA
Trump,Alaska,97850,89650,-8200,-0.08380173735309146,Republican,91762.5,95920,91260,95010,2019-01-01,NA,NA,NA,NA
Trump,Alaska,97850,89650,-8200,-0.08380173735309146,Republican,91762.5,95920,91260,89650,2020-01-01,NA,NA,NA,NA
Trump,Arkansas,62420,60900,-1520,-0.024351169496956104,Republican,62662.5,55750,64840,62420,2017-01-01,NA,NA,NA,NA
Trump,Arkansas,62420,60900,-1520,-0.024351169496956104,Republican,62662.5,55750,64840,61230,2018-01-01,NA,NA,NA,NA
Trump,Arkansas,62420,60900,-1520,-0.024351169496956104,Republican,62662.5,55750,64840,66100,2019-01-01,NA,NA,NA,NA
Trump,Arkansas,62420,60900,-1520,-0.024351169496956104,Republican,62662.5,55750,64840,60900,2020-01-01,NA,NA,NA,NA
Trump,California,87880,93140,5260,0.05985434683659536,Democrat,90592.5,79030,100600,87880,2017-01-01,NA,NA,NA,NA
Trump,California,87880,93140,5260,0.05985434683659536,Democrat,90592.5,79030,100600,86690,2018-01-01,NA,NA,NA,NA
Trump,California,87880,93140,5260,0.05985434683659536,Democrat,90592.5,79030,100600,94660,2019-01-01,NA,NA,NA,NA
Trump,California,87880,93140,5260,0.05985434683659536,Democrat,90592.5,79030,100600,93140,2020-01-01,NA,NA,NA,NA
Trump,Delaware,81510,83990,2480,0.030425714636240952,Democrat,83845,82940,85860,81510,2017-01-01,NA,NA,NA,NA
Trump,Delaware,81510,83990,2480,0.030425714636240952,Democrat,83845,82940,85860,79960,2018-01-01,NA,NA,NA,NA
Trump,Delaware,81510,83990,2480,0.030425714636240952,Democrat,83845,82940,85860,89920,2019-01-01,NA,NA,NA,NA
Trump,Delaware,81510,83990,2480,0.030425714636240952,Democrat,83845,82940,85860,83990,2020-01-01,NA,NA,NA,NA
Trump,District of Columbia,102000,105800,3800,0.03725490196078431,Democrat,106525,68840,104800,102000,2017-01-01,NA,NA,NA,NA
Trump,District of Columbia,102000,105800,3800,0.03725490196078431,Democrat,106525,68840,104800,105500,2018-01-01,NA,NA,NA,NA
Trump,District of Columbia,102000,105800,3800,0.03725490196078431,Democrat,106525,68840,104800,112800,2019-01-01,NA,NA,NA,NA
Trump,District of Columbia,102000,105800,3800,0.03725490196078431,Democrat,106525,68840,104800,105800,2020-01-01,NA,NA,NA,NA
Trump,Hawaii,92340,96950,4610,0.049924193199047,Democrat,98627.5,79320,98240,92340,2017-01-01,NA,NA,NA,NA
Trump,Hawaii,92340,96950,4610,0.049924193199047,Democrat,98627.5,79320,98240,98520,2018-01-01,NA,NA,NA,NA
Trump,Hawaii,92340,96950,4610,0.049924193199047,Democrat,98627.5,79320,98240,106700,2019-01-01,NA,NA,NA,NA
Trump,Hawaii,92340,96950,4610,0.049924193199047,Democrat,98627.5,79320,98240,96950,2020-01-01,NA,NA,NA,NA
Trump,Idaho,74650,80030,5380,0.07206965840589417,Republican,76720,63940,81650,74650,2017-01-01,NA,NA,NA,NA
Trump,Idaho,74650,80030,5380,0.07206965840589417,Republican,76720,63940,81650,72230,2018-01-01,NA,NA,NA,NA
Trump,Idaho,74650,80030,5380,0.07206965840589417,Republican,76720,63940,81650,79970,2019-01-01,NA,NA,NA,NA
Trump,Idaho,74650,80030,5380,0.07206965840589417,Republican,76720,63940,81650,80030,2020-01-01,NA,NA,NA,NA
Trump,Illinois,82770,89160,6390,0.07720188474084813,Democrat,87092.5,77200,84210,82770,2017-01-01,NA,NA,NA,NA
Trump,Illinois,82770,89160,6390,0.07720188474084813,Democrat,87092.5,77200,84210,86270,2018-01-01,NA,NA,NA,NA
Trump,Illinois,82770,89160,6390,0.07720188474084813,Democrat,87092.5,77200,84210,90170,2019-01-01,NA,NA,NA,NA
Trump,Illinois,82770,89160,6390,0.07720188474084813,Democrat,87092.5,77200,84210,89160,2020-01-01,NA,NA,NA,NA
Trump,Kansas,71390,87660,16270,0.22790306765653454,Republican,81587.5,69250,87690,71390,2017-01-01,NA,NA,NA,NA
Trump,Kansas,71390,87660,16270,0.22790306765653454,Republican,81587.5,69250,87690,78640,2018-01-01,NA,NA,NA,NA
Trump,Kansas,71390,87660,16270,0.22790306765653454,Republican,81587.5,69250,87690,88660,2019-01-01,NA,NA,NA,NA
Trump,Kansas,71390,87660,16270,0.22790306765653454,Republican,81587.5,69250,87690,87660,2020-01-01,NA,NA,NA,NA
Trump,Kentucky,62320,68080,5760,0.09242618741976893,Republican,66240,64270,64790,62320,2017-01-01,NA,NA,NA,NA
Trump,Kentucky,62320,68080,5760,0.09242618741976893,Republican,66240,64270,64790,67100,2018-01-01,NA,NA,NA,NA
Trump,Kentucky,62320,68080,5760,0.09242618741976893,Republican,66240,64270,64790,67460,2019-01-01,NA,NA,NA,NA
Trump,Kentucky,62320,68080,5760,0.09242618741976893,Republican,66240,64270,64790,68080,2020-01-01,NA,NA,NA,NA
Trump,Louisiana,54660,61390,6730,0.12312477131357483,Republican,60045,55720,60740,54660,2017-01-01,NA,NA,NA,NA
Trump,Louisiana,54660,61390,6730,0.12312477131357483,Republican,60045,55720,60740,61460,2018-01-01,NA,NA,NA,NA
Trump,Louisiana,54660,61390,6730,0.12312477131357483,Republican,60045,55720,60740,62670,2019-01-01,NA,NA,NA,NA
Trump,Louisiana,54660,61390,6730,0.12312477131357483,Republican,60045,55720,60740,61390,2020-01-01,NA,NA,NA,NA
Trump,Maine,66890,76400,9510,0.14217371804455076,Democrat,74022.5,61220,90730,66890,2017-01-01,NA,NA,NA,NA
Trump,Maine,66890,76400,9510,0.14217371804455076,Democrat,74022.5,61220,90730,72150,2018-01-01,NA,NA,NA,NA
Trump,Maine,66890,76400,9510,0.14217371804455076,Democrat,74022.5,61220,90730,80650,2019-01-01,NA,NA,NA,NA
Trump,Maine,66890,76400,9510,0.14217371804455076,Democrat,74022.5,61220,90730,76400,2020-01-01,NA,NA,NA,NA
Trump,Maryland,103000,113700,10700,0.10388349514563107,Democrat,109625,89510,109700,103000,2017-01-01,NA,NA,NA,NA
Trump,Maryland,103000,113700,10700,0.10388349514563107,Democrat,109625,89510,109700,106000,2018-01-01,NA,NA,NA,NA
Trump,Maryland,103000,113700,10700,0.10388349514563107,Democrat,109625,89510,109700,115800,2019-01-01,NA,NA,NA,NA
Trump,Maryland,103000,113700,10700,0.10388349514563107,Democrat,109625,89510,109700,113700,2020-01-01,NA,NA,NA,NA
Trump,Massachusetts,95660,105300,9640,0.10077357307129417,Democrat,103365,87370,113900,95660,2017-01-01,NA,NA,NA,NA
Trump,Massachusetts,95660,105300,9640,0.10077357307129417,Democrat,103365,87370,113900,106200,2018-01-01,NA,NA,NA,NA
Trump,Massachusetts,95660,105300,9640,0.10077357307129417,Democrat,103365,87370,113900,106300,2019-01-01,NA,NA,NA,NA
Trump,Massachusetts,95660,105300,9640,0.10077357307129417,Democrat,103365,87370,113900,105300,2020-01-01,NA,NA,NA,NA
Trump,Minnesota,87800,94460,6660,0.07585421412300683,Democrat,92317.5,88090,92350,87800,2017-01-01,NA,NA,NA,NA
Trump,Minnesota,87800,94460,6660,0.07585421412300683,Democrat,92317.5,88090,92350,88330,2018-01-01,NA,NA,NA,NA
Trump,Minnesota,87800,94460,6660,0.07585421412300683,Democrat,92317.5,88090,92350,98680,2019-01-01,NA,NA,NA,NA
Trump,Minnesota,87800,94460,6660,0.07585421412300683,Democrat,92317.5,88090,92350,94460,2020-01-01,NA,NA,NA,NA
Trump,Mississippi,54300,54140,-160,-0.0029465930018416206,Republican,53835,50430,55980,54300,2017-01-01,NA,NA,NA,NA
Trump,Mississippi,54300,54140,-160,-0.0029465930018416206,Republican,53835,50430,55980,52620,2018-01-01,NA,NA,NA,NA
Trump,Mississippi,54300,54140,-160,-0.0029465930018416206,Republican,53835,50430,55980,54280,2019-01-01,NA,NA,NA,NA
Trump,Mississippi,54300,54140,-160,-0.0029465930018416206,Republican,53835,50430,55980,54140,2020-01-01,NA,NA,NA,NA
Trump,Missouri,70930,74580,3650,0.051459185112082334,Republican,73717.5,69120,78390,70930,2017-01-01,NA,NA,NA,NA
Trump,Missouri,70930,74580,3650,0.051459185112082334,Republican,73717.5,69120,78390,75920,2018-01-01,NA,NA,NA,NA
Trump,Missouri,70930,74580,3650,0.051459185112082334,Republican,73717.5,69120,78390,73440,2019-01-01,NA,NA,NA,NA
Trump,Missouri,70930,74580,3650,0.051459185112082334,Republican,73717.5,69120,78390,74580,2020-01-01,NA,NA,NA,NA
Trump,Montana,72030,68060,-3970,-0.055115923920588644,Republican,70995,53720,81920,72030,2017-01-01,NA,NA,NA,NA
Trump,Montana,72030,68060,-3970,-0.055115923920588644,Republican,70995,53720,81920,70940,2018-01-01,NA,NA,NA,NA
Trump,Montana,72030,68060,-3970,-0.055115923920588644,Republican,70995,53720,81920,72950,2019-01-01,NA,NA,NA,NA
Trump,Montana,72030,68060,-3970,-0.055115923920588644,Republican,70995,53720,81920,68060,2020-01-01,NA,NA,NA,NA
Trump,Nebraska,74760,86660,11900,0.15917602996254682,Republican,83272.5,72920,86140,74760,2017-01-01,NA,NA,NA,NA
Trump,Nebraska,74760,86660,11900,0.15917602996254682,Republican,83272.5,72920,86140,83110,2018-01-01,NA,NA,NA,NA
Trump,Nebraska,74760,86660,11900,0.15917602996254682,Republican,83272.5,72920,86140,88560,2019-01-01,NA,NA,NA,NA
Trump,Nebraska,74760,86660,11900,0.15917602996254682,Republican,83272.5,72920,86140,86660,2020-01-01,NA,NA,NA,NA
Trump,New Jersey,89380,102600,13220,0.1479078093533229,Democrat,97377.5,86570,103500,89380,2017-01-01,NA,NA,NA,NA
Trump,New Jersey,89380,102600,13220,0.1479078093533229,Democrat,97377.5,86570,103500,91230,2018-01-01,NA,NA,NA,NA
Trump,New Jersey,89380,102600,13220,0.1479078093533229,Democrat,97377.5,86570,103500,106300,2019-01-01,NA,NA,NA,NA
Trump,New Jersey,89380,102600,13220,0.1479078093533229,Democrat,97377.5,86570,103500,102600,2020-01-01,NA,NA,NA,NA
Trump,New York,77220,82350,5130,0.06643356643356643,Democrat,82347.5,70420,86830,77220,2017-01-01,NA,NA,NA,NA
Trump,New York,77220,82350,5130,0.06643356643356643,Democrat,82347.5,70420,86830,82740,2018-01-01,NA,NA,NA,NA
Trump,New York,77220,82350,5130,0.06643356643356643,Democrat,82347.5,70420,86830,87080,2019-01-01,NA,NA,NA,NA
Trump,New York,77220,82350,5130,0.06643356643356643,Democrat,82347.5,70420,86830,82350,2020-01-01,NA,NA,NA,NA
Trump,North Dakota,75490,76900,1410,0.01867797059213141,Republican,79762.5,59850,88080,75490,2017-01-01,NA,NA,NA,NA
Trump,North Dakota,75490,76900,1410,0.01867797059213141,Republican,79762.5,59850,88080,81790,2018-01-01,NA,NA,NA,NA
Trump,North Dakota,75490,76900,1410,0.01867797059213141,Republican,79762.5,59850,88080,84870,2019-01-01,NA,NA,NA,NA
Trump,North Dakota,75490,76900,1410,0.01867797059213141,Republican,79762.5,59850,88080,76900,2020-01-01,NA,NA,NA,NA
Trump,Oklahoma,65100,62940,-2160,-0.03317972350230415,Republican,66745,59540,65310,65100,2017-01-01,NA,NA,NA,NA
Trump,Oklahoma,65100,62940,-2160,-0.03317972350230415,Republican,66745,59540,65310,66950,2018-01-01,NA,NA,NA,NA
Trump,Oklahoma,65100,62940,-2160,-0.03317972350230415,Republican,66745,59540,65310,71990,2019-01-01,NA,NA,NA,NA
Trump,Oklahoma,65100,62940,-2160,-0.03317972350230415,Republican,66745,59540,65310,62940,2020-01-01,NA,NA,NA,NA
Trump,Oregon,78410,92180,13770,0.17561535518428772,Democrat,86462.5,69010,89700,78410,2017-01-01,NA,NA,NA,NA
Trump,Oregon,78410,92180,13770,0.17561535518428772,Democrat,86462.5,69010,89700,85070,2018-01-01,NA,NA,NA,NA
Trump,Oregon,78410,92180,13770,0.17561535518428772,Democrat,86462.5,69010,89700,90190,2019-01-01,NA,NA,NA,NA
Trump,Oregon,78410,92180,13770,0.17561535518428772,Democrat,86462.5,69010,89700,92180,2020-01-01,NA,NA,NA,NA
Trump,Rhode Island,82060,96170,14110,0.1719473555934682,Democrat,84957.5,76450,92290,82060,2017-01-01,NA,NA,NA,NA
Trump,Rhode Island,82060,96170,14110,0.1719473555934682,Democrat,84957.5,76450,92290,76580,2018-01-01,NA,NA,NA,NA
Trump,Rhode Island,82060,96170,14110,0.1719473555934682,Democrat,84957.5,76450,92290,85020,2019-01-01,NA,NA,NA,NA
Trump,Rhode Island,82060,96170,14110,0.1719473555934682,Democrat,84957.5,76450,92290,96170,2020-01-01,NA,NA,NA,NA
Trump,South Carolina,68430,72380,3950,0.05772322080958644,Republican,71660,63100,76780,68430,2017-01-01,NA,NA,NA,NA
Trump,South Carolina,68430,72380,3950,0.05772322080958644,Republican,71660,63100,76780,70650,2018-01-01,NA,NA,NA,NA
Trump,South Carolina,68430,72380,3950,0.05772322080958644,Republican,71660,63100,76780,75180,2019-01-01,NA,NA,NA,NA
Trump,South Carolina,68430,72380,3950,0.05772322080958644,Republican,71660,63100,76780,72380,2020-01-01,NA,NA,NA,NA
Trump,South Dakota,71410,84190,12780,0.17896653129813753,Republican,76650,66330,79850,71410,2017-01-01,NA,NA,NA,NA
Trump,South Dakota,71410,84190,12780,0.17896653129813753,Republican,76650,66330,79850,73130,2018-01-01,NA,NA,NA,NA
Trump,South Dakota,71410,84190,12780,0.17896653129813753,Republican,76650,66330,79850,77870,2019-01-01,NA,NA,NA,NA
Trump,South Dakota,71410,84190,12780,0.17896653129813753,Republican,76650,66330,79850,84190,2020-01-01,NA,NA,NA,NA
Trump,Texas,75400,82050,6650,0.08819628647214854,Republican,78180,68320,81490,75400,2017-01-01,NA,NA,NA,NA
Trump,Texas,75400,82050,6650,0.08819628647214854,Republican,78180,68320,81490,73530,2018-01-01,NA,NA,NA,NA
Trump,Texas,75400,82050,6650,0.08819628647214854,Republican,78180,68320,81490,81740,2019-01-01,NA,NA,NA,NA
Trump,Texas,75400,82050,6650,0.08819628647214854,Republican,78180,68320,81490,82050,2020-01-01,NA,NA,NA,NA
Trump,Utah,87560,100700,13140,0.15006852444038374,Republican,96360,79160,104000,87560,2017-01-01,NA,NA,NA,NA
Trump,Utah,87560,100700,13140,0.15006852444038374,Republican,96360,79160,104000,94780,2018-01-01,NA,NA,NA,NA
Trump,Utah,87560,100700,13140,0.15006852444038374,Republican,96360,79160,104000,102400,2019-01-01,NA,NA,NA,NA
Trump,Utah,87560,100700,13140,0.15006852444038374,Republican,96360,79160,104000,100700,2020-01-01,NA,NA,NA,NA
Trump,Vermont,79900,80670,770,0.009637046307884856,Democrat,84197.5,68210,85260,79900,2017-01-01,NA,NA,NA,NA
Trump,Vermont,79900,80670,770,0.009637046307884856,Democrat,84197.5,68210,85260,86170,2018-01-01,NA,NA,NA,NA
Trump,Vermont,79900,80670,770,0.009637046307884856,Democrat,84197.5,68210,85260,90050,2019-01-01,NA,NA,NA,NA
Trump,Vermont,79900,80670,770,0.009637046307884856,Democrat,84197.5,68210,85260,80670,2020-01-01,NA,NA,NA,NA
Trump,Washington,89760,97580,7820,0.08712121212121213,Democrat,96332.5,71050,97500,89760,2017-01-01,NA,NA,NA,NA
Trump,Washington,89760,97580,7820,0.08712121212121213,Democrat,96332.5,71050,97500,98060,2018-01-01,NA,NA,NA,NA
Trump,Washington,89760,97580,7820,0.08712121212121213,Democrat,96332.5,71050,97500,99930,2019-01-01,NA,NA,NA,NA
Trump,Washington,89760,97580,7820,0.08712121212121213,Democrat,96332.5,71050,97500,97580,2020-01-01,NA,NA,NA,NA
Trump,West Virginia,58920,62340,3420,0.05804480651731161,Republican,62137.5,49620,63150,58920,2017-01-01,NA,NA,NA,NA
Trump,West Virginia,58920,62340,3420,0.05804480651731161,Republican,62137.5,49620,63150,62200,2018-01-01,NA,NA,NA,NA
Trump,West Virginia,58920,62340,3420,0.05804480651731161,Republican,62137.5,49620,63150,65090,2019-01-01,NA,NA,NA,NA
Trump,West Virginia,58920,62340,3420,0.05804480651731161,Republican,62137.5,49620,63150,62340,2020-01-01,NA,NA,NA,NA
Trump,Wyoming,74700,78500,3800,0.050870147255689425,Republican,77265,66410,78680,74700,2017-01-01,NA,NA,NA,NA
Trump,Wyoming,74700,78500,3800,0.050870147255689425,Republican,77265,66410,78680,76920,2018-01-01,NA,NA,NA,NA
Trump,Wyoming,74700,78500,3800,0.050870147255689425,Republican,77265,66410,78680,78940,2019-01-01,NA,NA,NA,NA
Trump,Wyoming,74700,78500,3800,0.050870147255689425,Republican,77265,66410,78680,78500,2020-01-01,NA,NA,NA,NA
